client_id,fname,lname,email,join_date
1,Laura,Miller,laura.miller4507@outlook.com,2024-04-02
2,Brenda,Mckinney,brenda.mckinney1680@msn.com,2023-06-28
3,Dylan,Rodriguez,dylan.rodriguez489@yahoo.com,2024-03-23
4,Olivia,Wells,olivia.wells9864@gmail.com,2026-02-23
5,Diane,Nunez,diane.nunez8929@aol.com,2024-03-27
6,Chloe,Stone,chloe.stone4558@gmail.com,2023-11-23
7,Dylan,Ross,dylan.ross4553@hotmail.com,2024-03-16
8,Louis,Clark,louis.clark1520@aol.com,2023-07-18
9,Lori,Ingram,lori.ingram5636@me.com,2024-06-25
10,Daniel,Sherman,daniel.sherman7528@msn.com,2023-09-13
11,Sophia,Lee,sophia.lee9045@icloud.com,2025-01-10
12,Alexander,Willis,alexander.willis1140@gmail.com,2024-04-11
13,Billy,Lee,billy.lee3815@yahoo.com,2025-02-17
14,Austin,Chavez,austin.chavez5978@hotmail.com,2025-01-28
15,Natalie,Collins,natalie.collins4375@yahoo.com,2023-12-17
16,Bella,Sherman,bella.sherman4011@hotmail.com,2025-08-04
17,Mason,Ward,mason.ward9126@outlook.com,2024-10-26
18,Mark,Cook,mark.cook526@protonmail.com,2025-04-01
19,Ann,Taylor,ann.taylor3457@me.com,2024-10-06
20,Nathan,Harmon,nathan.harmon8180@aol.com,2025-07-28
21,Pamela,Kelly,pamela.kelly2288@outlook.com,2026-02-23
22,Christian,Erickson,christian.erickson9578@aol.com,2025-03-28
23,Tiffany,Morris,tiffany.morris2267@msn.com,2025-10-07
24,George,Bates,george.bates772@yahoo.com,2023-11-10
25,Samantha,Garner,samantha.garner6917@me.com,2023-05-11
26,Charlotte,Barnes,charlotte.barnes9764@live.com,2025-12-19
27,Lawrence,Vasquez,lawrence.vasquez189@yahoo.com,2026-01-04
28,Albert,Schultz,albert.schultz5574@yahoo.com,2024-08-24
29,Lincoln,Green,lincoln.green7434@gmail.com,2024-06-23
30,Miles,Simmons,miles.simmons2928@msn.com,2023-08-06
31,Bruce,Sparks,bruce.sparks8318@me.com,2024-02-12
32,Brandon,Perry,brandon.perry2647@msn.com,2025-12-22
33,James,Nichols,james.nichols5311@live.com,2023-02-09
34,Laura,Ortiz,laura.ortiz5039@outlook.com,2023-04-29
35,Megan,Cunningham,megan.cunningham1291@yahoo.com,2025-09-22
36,Dorothy,Watts,dorothy.watts8728@hotmail.com,2023-09-20
37,Hannah,Henry,hannah.henry2706@icloud.com,2025-12-16
38,Dylan,Edwards,dylan.edwards8836@outlook.com,2024-09-30
39,Elijah,Little,elijah.little6119@live.com,2025-11-25
40,Penelope,Walker,penelope.walker4062@outlook.com,2023-05-12
41,Brittany,Garcia,brittany.garcia9639@msn.com,2024-04-16
42,Harold,Johnson,harold.johnson1164@gmail.com,2024-04-13
43,Paul,Rodriguez,paul.rodriguez5414@yahoo.com,2025-11-18
44,Judith,Diaz,judith.diaz7954@outlook.com,2026-01-09
45,Shirley,Doyle,shirley.doyle9356@me.com,2025-08-26
46,Keith,Baldwin,keith.baldwin7750@aol.com,2024-01-25
47,Timothy,Harris,timothy.harris7063@protonmail.com,2025-05-17
48,Sebastian,Ellis,sebastian.ellis888@yahoo.com,2023-05-05
49,Owen,Sherman,owen.sherman5560@yahoo.com,2024-05-24
50,Alexander,Carter,alexander.carter8787@live.com,2023-10-15
51,Dylan,Campbell,dylan.campbell4564@live.com,2024-05-26
52,Joshua,West,joshua.west9017@yahoo.com,2023-04-14
53,Linda,White,linda.white3873@hotmail.com,2025-04-12
54,Hunter,Marshall,hunter.marshall3503@aol.com,2023-05-01
55,Gregory,Barnes,gregory.barnes36@aol.com,2024-06-27
56,Xavier,Wood,xavier.wood6931@msn.com,2025-09-23
57,Helen,Carter,helen.carter4862@outlook.com,2023-04-30
58,Ashley,Erickson,ashley.erickson5139@gmail.com,2023-04-13
59,Connor,Kennedy,connor.kennedy8702@hotmail.com,2023-04-27
60,Easton,Lee,easton.lee3045@yahoo.com,2023-05-20
61,Gerald,Jordan,gerald.jordan1965@me.com,2024-05-19
62,Christopher,Fernandez,christopher.fernandez1344@aol.com,2026-03-03
63,Savannah,Cruz,savannah.cruz4273@outlook.com,2024-10-05
64,Roger,Kelly,roger.kelly6485@hotmail.com,2024-09-06
65,Evan,Cruz,evan.cruz1189@gmail.com,2025-07-27
66,Stephanie,Jackson,stephanie.jackson8809@outlook.com,2025-11-02
67,Jacqueline,King,jacqueline.king5719@yahoo.com,2024-05-15
68,Kayla,Richardson,kayla.richardson2585@live.com,2026-01-17
69,Jordan,Medina,jordan.medina8667@gmail.com,2026-02-09
70,Julia,Pittman,julia.pittman1698@hotmail.com,2024-06-25
71,Cynthia,Ramirez,cynthia.ramirez9065@hotmail.com,2024-07-11
72,Jesse,Ray,jesse.ray3451@protonmail.com,2024-02-21
73,Jacqueline,Wells,jacqueline.wells8005@icloud.com,2023-04-15
74,Melissa,Yates,melissa.yates6940@icloud.com,2023-04-01
75,Mary,Foster,mary.foster2144@icloud.com,2023-11-27
76,Hudson,Vasquez,hudson.vasquez7008@msn.com,2023-01-20
77,Laura,Martin,laura.martin2443@msn.com,2023-03-15
78,Kayla,Lane,kayla.lane9053@hotmail.com,2025-05-30
79,Angela,Hernandez,angela.hernandez5051@protonmail.com,2023-03-23
80,Lori,Collins,lori.collins4089@yahoo.com,2024-12-25
81,Caleb,Fernandez,caleb.fernandez2533@outlook.com,2023-11-29
82,Patrick,Hamilton,patrick.hamilton407@hotmail.com,2024-11-11
83,Sebastian,Lindsey,sebastian.lindsey4066@icloud.com,2023-11-23
84,Sharon,Barnes,sharon.barnes635@live.com,2024-03-31
85,Henry,Lamb,henry.lamb7542@protonmail.com,2024-09-17
86,Carl,Murphy,carl.murphy388@outlook.com,2025-03-27
87,Alan,Diaz,alan.diaz1138@icloud.com,2024-12-20
88,Easton,Patterson,easton.patterson8786@protonmail.com,2023-02-26
89,Cynthia,Gomez,cynthia.gomez2926@me.com,2024-06-27
90,Karen,Ramirez,karen.ramirez9775@aol.com,2024-12-08
91,Noah,Wallace,noah.wallace9933@msn.com,2023-08-25
92,Charlotte,Hansen,charlotte.hansen3115@icloud.com,2023-04-01
93,Victoria,Smith,victoria.smith8519@msn.com,2024-02-08
94,Bobby,Ramos,bobby.ramos1147@protonmail.com,2024-10-04
95,Amy,Saunders,amy.saunders4921@msn.com,2024-09-25
96,Abigail,Myers,abigail.myers6593@icloud.com,2026-02-09
97,Angela,Roberts,angela.roberts6889@aol.com,2023-12-23
98,Jordan,Jordan,jordan.jordan8978@gmail.com,2024-09-14
99,Willie,Collins,willie.collins7044@me.com,2024-10-21
100,Leo,West,leo.west7245@outlook.com,2025-11-12
101,Nolan,Newton,nolan.newton2781@yahoo.com,2024-08-04
102,Violet,Pittman,violet.pittman5492@yahoo.com,2024-04-26
103,Roy,Murphy,roy.murphy3263@hotmail.com,2023-02-20
104,Nancy,Cooper,nancy.cooper7785@me.com,2023-05-30
105,Riley,Graham,riley.graham9432@outlook.com,2025-02-25
106,Stella,Patterson,stella.patterson3998@hotmail.com,2023-01-12
107,Jason,Ramos,jason.ramos6966@outlook.com,2023-12-27
108,Aurora,Bryant,aurora.bryant823@msn.com,2024-05-25
109,Gary,Chavez,gary.chavez2185@live.com,2025-12-23
110,Dylan,Bates,dylan.bates7252@me.com,2025-10-30
111,Angel,Chambers,angel.chambers8977@live.com,2023-11-22
112,Hannah,Hayes,hannah.hayes4247@outlook.com,2024-07-21
113,Dominic,Owens,dominic.owens3920@icloud.com,2025-06-19
114,Donna,Holloway,donna.holloway4682@outlook.com,2024-07-10
115,Danielle,Hughes,danielle.hughes8850@yahoo.com,2023-10-11
116,Nicole,Rogers,nicole.rogers6276@hotmail.com,2024-03-14
117,Steven,Graham,steven.graham6679@protonmail.com,2026-01-16
118,Leo,Graham,leo.graham1021@outlook.com,2025-05-10
119,Ava,Floyd,ava.floyd9570@gmail.com,2026-03-25
120,Mason,Ford,mason.ford97@protonmail.com,2024-09-03
121,Ava,Greer,ava.greer6866@msn.com,2026-01-23
122,Harold,Owens,harold.owens3596@icloud.com,2025-06-11
123,Hunter,Davis,hunter.davis6372@protonmail.com,2025-04-08
124,Gregory,Sparks,gregory.sparks7658@hotmail.com,2025-12-29
125,Susan,Coleman,susan.coleman9698@me.com,2023-02-25
126,Kevin,Sharp,kevin.sharp7023@hotmail.com,2025-08-03
127,Janet,Gonzalez,janet.gonzalez4263@aol.com,2024-11-01
128,Nathan,Chavez,nathan.chavez5356@protonmail.com,2025-02-15
129,Austin,Carr,austin.carr6907@icloud.com,2023-06-17
130,Julian,Jones,julian.jones8838@gmail.com,2024-12-17
131,Kyle,Mccoy,kyle.mccoy1125@gmail.com,2023-03-05
132,Jeremy,Phillips,jeremy.phillips334@me.com,2023-11-09
133,Roger,Allen,roger.allen7759@yahoo.com,2026-03-01
134,Christina,Ellis,christina.ellis4199@protonmail.com,2023-12-10
135,Ryan,Ramos,ryan.ramos2684@icloud.com,2023-08-10
136,Susan,Reyes,susan.reyes9434@aol.com,2025-03-23
137,Diane,Martin,diane.martin9701@outlook.com,2023-07-28
138,Jordan,Alexander,jordan.alexander9838@yahoo.com,2026-03-05
139,Lisa,Morales,lisa.morales8729@aol.com,2025-01-28
140,Dorothy,Wells,dorothy.wells5591@gmail.com,2025-05-10
141,Aaron,Ramirez,aaron.ramirez7103@protonmail.com,2025-07-30
142,Brandon,Wallace,brandon.wallace2886@msn.com,2024-07-07
143,Addison,Ellis,addison.ellis7137@me.com,2024-07-03
144,Amber,Cooper,amber.cooper1420@icloud.com,2025-07-12
145,Keith,Carr,keith.carr7614@me.com,2025-02-15
146,Louis,Davis,louis.davis8099@protonmail.com,2024-01-08
147,Aubrey,Edwards,aubrey.edwards5814@icloud.com,2024-11-28
148,Kathryn,Mills,kathryn.mills4527@msn.com,2023-01-21
149,Jordan,Carter,jordan.carter1403@outlook.com,2025-04-12
150,Aaron,Hudson,aaron.hudson3938@live.com,2025-10-02
151,Chloe,Garner,chloe.garner283@yahoo.com,2024-08-25
152,Lauren,Jordan,lauren.jordan3987@icloud.com,2025-01-25
153,Nolan,Vasquez,nolan.vasquez8699@protonmail.com,2025-05-21
154,Marilyn,Sullivan,marilyn.sullivan7435@icloud.com,2024-09-19
155,Lawrence,Rogers,lawrence.rogers1977@outlook.com,2024-10-08
156,Kathleen,Pierce,kathleen.pierce8780@hotmail.com,2024-01-28
157,Zachary,Gibson,zachary.gibson7934@icloud.com,2025-12-10
158,Jesse,Sanchez,jesse.sanchez3181@icloud.com,2024-04-10
159,Vincent,Rivera,vincent.rivera4953@gmail.com,2025-12-29
160,Nicholas,Cox,nicholas.cox746@gmail.com,2026-02-07
161,Sara,Fry,sara.fry2069@live.com,2023-07-30
162,Michael,Harvey,michael.harvey4659@live.com,2025-09-07
163,Aria,Ross,aria.ross3021@gmail.com,2024-06-01
164,Connor,Robinson,connor.robinson1071@aol.com,2025-10-04
165,Kimberly,Hansen,kimberly.hansen879@hotmail.com,2023-11-02
166,Grace,Perez,grace.perez4067@yahoo.com,2026-02-16
167,Elizabeth,Garza,elizabeth.garza9767@me.com,2024-04-07
168,Savannah,Barnes,savannah.barnes7382@live.com,2024-08-31
169,Madison,James,madison.james9317@me.com,2023-05-04
170,Ronald,Simmons,ronald.simmons3405@outlook.com,2024-06-25
171,Carol,Green,carol.green3930@hotmail.com,2026-02-04
172,Joshua,Green,joshua.green44@aol.com,2025-07-11
173,Julian,Watson,julian.watson535@outlook.com,2024-08-13
174,Jesse,Duncan,jesse.duncan7439@yahoo.com,2024-04-23
175,Jacqueline,Moody,jacqueline.moody9664@outlook.com,2025-05-20
176,Ryan,Burns,ryan.burns3684@hotmail.com,2024-06-28
177,Larry,Jackson,larry.jackson978@hotmail.com,2024-09-21
178,Teresa,Griffin,teresa.griffin2038@live.com,2024-09-14
179,Owen,Ward,owen.ward8200@msn.com,2025-10-08
180,Isaiah,Lee,isaiah.lee9799@gmail.com,2025-06-03
181,Amber,Ray,amber.ray4103@gmail.com,2023-07-07
182,Evelyn,Curtis,evelyn.curtis9425@me.com,2023-02-12
183,Ann,Hansen,ann.hansen660@hotmail.com,2025-08-21
184,Aurora,Mccoy,aurora.mccoy7246@icloud.com,2024-01-07
185,Victoria,Yates,victoria.yates8057@yahoo.com,2025-08-20
186,Randy,Reynolds,randy.reynolds5461@protonmail.com,2023-08-03
187,Raymond,Long,raymond.long6745@live.com,2024-08-13
188,Harper,Norris,harper.norris9013@gmail.com,2025-07-20
189,Amanda,Cruz,amanda.cruz4136@protonmail.com,2023-08-26
190,Owen,Woods,owen.woods19@msn.com,2025-08-04
191,Emily,Wilson,emily.wilson3074@msn.com,2025-01-10
192,Natalia,Bush,natalia.bush7243@gmail.com,2024-02-21
193,Albert,Henry,albert.henry2147@icloud.com,2025-06-16
194,Hunter,Young,hunter.young473@me.com,2024-05-05
195,Samantha,Reyes,samantha.reyes9025@gmail.com,2026-02-05
196,Caleb,White,caleb.white3682@yahoo.com,2025-08-03
197,Jacob,Wolfe,jacob.wolfe2523@live.com,2024-08-20
198,Easton,Willis,easton.willis4480@aol.com,2025-09-15
199,Eleanor,Cooper,eleanor.cooper7484@msn.com,2023-10-24
200,Liam,Carter,liam.carter9821@msn.com,2023-10-07
201,Dorothy,Cox,dorothy.cox6799@protonmail.com,2025-11-05
202,Albert,Munoz,albert.munoz43@icloud.com,2024-09-03
203,Aaron,Hill,aaron.hill7317@msn.com,2025-09-18
204,Gabriel,Foster,gabriel.foster9043@msn.com,2025-02-11
205,Riley,Price,riley.price3091@outlook.com,2026-03-17
206,Liam,Rogers,liam.rogers6731@gmail.com,2024-10-13
207,Nolan,Willis,nolan.willis6247@aol.com,2023-11-08
208,Stella,Martinez,stella.martinez2069@msn.com,2024-11-10
209,Stephanie,Ingram,stephanie.ingram7214@yahoo.com,2025-12-13
210,Riley,Brown,riley.brown2362@aol.com,2023-11-13
211,Joshua,Stevens,joshua.stevens4343@protonmail.com,2025-03-25
212,Carol,Long,carol.long8743@aol.com,2024-10-10
213,Aubrey,Freeman,aubrey.freeman589@me.com,2023-05-21
214,Gerald,Fleming,gerald.fleming4709@outlook.com,2023-07-05
215,Lincoln,Sanchez,lincoln.sanchez1647@live.com,2023-12-07
216,Julia,Davis,julia.davis754@protonmail.com,2023-04-25
217,Bryan,Russell,bryan.russell6142@aol.com,2023-10-26
218,Cheryl,Webb,cheryl.webb6752@me.com,2024-01-04
219,Debra,Hall,debra.hall1294@me.com,2025-02-22
220,Megan,Ruiz,megan.ruiz9555@hotmail.com,2024-04-20
221,Brayden,Douglas,brayden.douglas4162@live.com,2024-06-06
222,Robert,Lindsey,robert.lindsey7623@icloud.com,2026-01-24
223,Frank,Jackson,frank.jackson7238@protonmail.com,2024-09-04
224,Ella,Carlson,ella.carlson4098@live.com,2024-09-10
225,Diane,Fisher,diane.fisher7917@yahoo.com,2024-04-30
226,Isabella,Harvey,isabella.harvey5882@me.com,2024-08-28
227,Janice,Garcia,janice.garcia6485@icloud.com,2023-01-17
228,Betty,Garza,betty.garza8139@icloud.com,2024-04-16
229,Philip,Morris,philip.morris3116@me.com,2024-05-28
230,Stephen,Bush,stephen.bush1592@gmail.com,2024-09-24
231,Aria,Rodriguez,aria.rodriguez9496@protonmail.com,2023-09-27
232,George,Brooks,george.brooks5353@aol.com,2023-12-26
233,Henry,King,henry.king8838@protonmail.com,2025-12-23
234,Miles,Ward,miles.ward2696@icloud.com,2025-09-13
235,Janice,Erickson,janice.erickson5550@yahoo.com,2025-08-17
236,Joshua,Torres,joshua.torres3697@aol.com,2026-02-15
237,Emma,White,emma.white6465@gmail.com,2024-06-25
238,Amy,Chavez,amy.chavez6039@icloud.com,2025-02-19
239,Logan,Ramirez,logan.ramirez3831@live.com,2023-02-21
240,Madison,Medina,madison.medina3627@yahoo.com,2025-08-08
241,Jordan,Mccoy,jordan.mccoy6690@yahoo.com,2023-10-14
242,Nancy,Martinez,nancy.martinez4987@live.com,2023-08-26
243,Deborah,Morgan,deborah.morgan8808@hotmail.com,2025-03-06
244,Xavier,Gutierrez,xavier.gutierrez8851@aol.com,2023-11-13
245,Jayden,Harmon,jayden.harmon1623@live.com,2025-04-15
246,Kathryn,Rodriguez,kathryn.rodriguez6071@outlook.com,2025-06-27
247,Grace,Morgan,grace.morgan5943@yahoo.com,2025-01-22
248,Lori,Thomas,lori.thomas6524@icloud.com,2024-01-24
249,Gary,Alexander,gary.alexander7451@yahoo.com,2024-03-10
250,David,Gonzalez,david.gonzalez5465@outlook.com,2023-09-15
251,Joyce,Moore,joyce.moore9081@outlook.com,2024-03-18
252,Olivia,Long,olivia.long2418@me.com,2023-01-06
253,Jean,Nguyen,jean.nguyen2130@msn.com,2024-05-28
254,Rachel,Lewis,rachel.lewis423@hotmail.com,2023-01-31
255,Lori,Garner,lori.garner3899@me.com,2024-10-25
256,William,Hall,william.hall4348@gmail.com,2023-09-17
257,Sofia,Olson,sofia.olson1863@yahoo.com,2025-09-02
258,Chloe,Ramos,chloe.ramos5932@msn.com,2023-08-12
259,Penelope,Kennedy,penelope.kennedy3630@me.com,2023-03-30
260,Dominic,Gray,dominic.gray7505@gmail.com,2023-05-05
261,Lillian,Ingram,lillian.ingram6581@aol.com,2023-08-10
262,Ellie,Holloway,ellie.holloway7268@yahoo.com,2023-06-15
263,Eugene,Garza,eugene.garza2431@yahoo.com,2023-09-16
264,Ethan,Herrera,ethan.herrera9591@msn.com,2024-10-27
265,Isabella,Mills,isabella.mills8693@icloud.com,2025-07-18
266,Cooper,Ray,cooper.ray7049@yahoo.com,2023-08-23
267,Zachary,Ramos,zachary.ramos7399@outlook.com,2025-04-27
268,Brittany,Fritz,brittany.fritz7431@aol.com,2025-05-01
269,Timothy,Cruz,timothy.cruz6993@protonmail.com,2024-06-06
270,Alexis,Flores,alexis.flores7771@yahoo.com,2023-07-06
271,Michelle,White,michelle.white7076@yahoo.com,2025-02-02
272,Eric,Hudson,eric.hudson983@me.com,2026-02-24
273,Alan,Little,alan.little2003@aol.com,2024-12-25
274,Dylan,Saunders,dylan.saunders843@icloud.com,2024-10-01
275,Philip,Clark,philip.clark9469@msn.com,2024-03-11
276,Helen,Richmond,helen.richmond7901@outlook.com,2023-08-10
277,Jane,Ingram,jane.ingram9114@protonmail.com,2023-08-24
278,Austin,Harvey,austin.harvey3706@aol.com,2026-02-22
279,Susan,Garza,susan.garza4382@gmail.com,2024-01-05
280,Gloria,Duncan,gloria.duncan5063@protonmail.com,2024-12-19
281,Patricia,Campbell,patricia.campbell2348@me.com,2025-03-31
282,Dorothy,Torres,dorothy.torres503@yahoo.com,2025-12-22
283,Zachary,Butler,zachary.butler6879@live.com,2024-11-29
284,Frank,Gutierrez,frank.gutierrez5106@protonmail.com,2026-03-08
285,Michelle,Wilson,michelle.wilson2550@hotmail.com,2023-04-12
286,Carol,Ward,carol.ward7260@aol.com,2025-09-21
287,Hudson,Graham,hudson.graham4476@outlook.com,2025-11-15
288,Ryan,Morales,ryan.morales7044@yahoo.com,2024-08-03
289,Aubrey,Olson,aubrey.olson5054@gmail.com,2024-03-27
290,Oliver,Nichols,oliver.nichols898@gmail.com,2024-02-23
291,Jordan,Edwards,jordan.edwards2249@icloud.com,2024-08-15
292,Madison,Walker,madison.walker127@live.com,2025-05-31
293,Rachel,King,rachel.king6230@msn.com,2024-04-16
294,Miles,Carr,miles.carr5803@yahoo.com,2025-03-24
295,Lisa,Wallace,lisa.wallace308@live.com,2023-06-09
296,Noah,Hansen,noah.hansen7034@me.com,2025-04-08
297,Elizabeth,Watson,elizabeth.watson1888@aol.com,2023-02-12
298,Wayne,Baker,wayne.baker7539@protonmail.com,2023-06-30
299,Victoria,Ingram,victoria.ingram1735@outlook.com,2025-06-11
300,Harper,Olson,harper.olson1289@aol.com,2024-09-27
301,Brittany,Morris,brittany.morris5457@hotmail.com,2023-06-06
302,Hazel,Yates,hazel.yates1869@msn.com,2025-11-10
303,Heather,Obrien,heather.obrien5725@protonmail.com,2023-10-30
304,Gerald,Clark,gerald.clark2400@icloud.com,2024-02-09
305,Benjamin,Ray,benjamin.ray2505@yahoo.com,2023-12-29
306,Asher,Bryant,asher.bryant9237@me.com,2025-07-08
307,Amber,Bush,amber.bush5180@hotmail.com,2025-06-19
308,Paul,Stevens,paul.stevens7246@icloud.com,2024-07-16
309,Mark,Sullivan,mark.sullivan8313@yahoo.com,2024-09-27
310,Brayden,Hayes,brayden.hayes617@gmail.com,2025-01-25
311,Willie,Martin,willie.martin1480@me.com,2025-11-04
312,Liam,Bryant,liam.bryant9509@msn.com,2023-03-26
313,Jaxon,Terry,jaxon.terry9367@outlook.com,2024-10-20
314,Hannah,Kennedy,hannah.kennedy2472@gmail.com,2025-07-11
315,Edward,Terry,edward.terry5627@yahoo.com,2025-10-30
316,Benjamin,Hernandez,benjamin.hernandez4060@live.com,2025-06-18
317,Ezra,Castillo,ezra.castillo9992@hotmail.com,2025-01-15
318,Logan,Richardson,logan.richardson6348@aol.com,2024-11-23
319,Anthony,Garner,anthony.garner5483@yahoo.com,2024-11-06
320,Timothy,Hudson,timothy.hudson6334@icloud.com,2024-05-31
321,Scott,Foster,scott.foster1336@me.com,2023-10-17
322,Jane,Reyes,jane.reyes6422@hotmail.com,2023-06-23
323,Roy,Carr,roy.carr6172@protonmail.com,2023-09-19
324,Audrey,White,audrey.white6938@msn.com,2025-01-11
325,Barbara,Ortiz,barbara.ortiz5061@hotmail.com,2024-03-14
326,Russell,Schultz,russell.schultz7968@outlook.com,2024-04-08
327,Stephen,Flores,stephen.flores1265@icloud.com,2023-07-27
328,Leah,Floyd,leah.floyd8844@msn.com,2023-03-19
329,Louis,Schultz,louis.schultz2148@me.com,2025-02-10
330,Brandon,Adams,brandon.adams2963@me.com,2023-12-06
331,Isaiah,Lopez,isaiah.lopez6732@protonmail.com,2024-05-01
332,Grace,Medina,grace.medina4669@live.com,2024-04-24
333,Bella,Peterson,bella.peterson5071@live.com,2024-02-02
334,Johnny,Wheeler,johnny.wheeler9346@live.com,2025-08-03
335,Jesse,Ramos,jesse.ramos6257@msn.com,2025-12-16
336,Carter,Adams,carter.adams3272@me.com,2023-10-11
337,Lawrence,Wilson,lawrence.wilson7874@protonmail.com,2026-02-09
338,Edward,Holloway,edward.holloway8453@yahoo.com,2024-08-06
339,Kevin,Simmons,kevin.simmons2627@icloud.com,2025-07-09
340,Harrison,Nguyen,harrison.nguyen7168@yahoo.com,2024-03-30
341,Jaxon,Powell,jaxon.powell437@aol.com,2023-04-20
342,Oliver,Kennedy,oliver.kennedy6127@outlook.com,2025-03-01
343,Carol,Perry,carol.perry3679@gmail.com,2024-10-14
344,Ronald,Barker,ronald.barker5494@hotmail.com,2023-10-09
345,Karen,Wood,karen.wood7741@hotmail.com,2025-08-18
346,Chloe,Ryan,chloe.ryan87@yahoo.com,2023-02-08
347,Frances,Stewart,frances.stewart2450@msn.com,2025-12-16
348,Dylan,Lewis,dylan.lewis4721@outlook.com,2024-09-08
349,Gary,Gonzalez,gary.gonzalez3907@aol.com,2025-07-25
350,Steven,Lewis,steven.lewis8190@me.com,2026-01-02
351,William,Fleming,william.fleming8444@me.com,2024-05-10
352,Pamela,Watson,pamela.watson7033@gmail.com,2024-12-23
353,Megan,Harvey,megan.harvey6826@hotmail.com,2023-06-25
354,Ezra,Ortiz,ezra.ortiz1109@msn.com,2026-01-19
355,Leah,Moody,leah.moody8317@msn.com,2023-02-11
356,Ava,Stevens,ava.stevens714@aol.com,2025-02-03
357,Andrea,Erickson,andrea.erickson267@protonmail.com,2023-05-19
358,Gabriel,Peterson,gabriel.peterson1699@me.com,2024-11-11
359,Jonathan,Lopez,jonathan.lopez5773@msn.com,2024-11-24
360,Rachel,Chambers,rachel.chambers7613@live.com,2024-01-09
361,Anna,Taylor,anna.taylor7499@gmail.com,2024-08-23
362,Julie,Lopez,julie.lopez3269@gmail.com,2024-10-08
363,Roy,Woods,roy.woods6525@msn.com,2025-08-27
364,Andrea,Martinez,andrea.martinez3132@icloud.com,2025-01-01
365,Matthew,Harmon,matthew.harmon5439@icloud.com,2023-09-12
366,Johnny,Wallace,johnny.wallace6554@live.com,2025-03-02
367,Brittany,Mitchell,brittany.mitchell8130@live.com,2025-01-22
368,Aurora,Howard,aurora.howard1354@aol.com,2023-06-11
369,Grayson,Ray,grayson.ray2957@msn.com,2024-08-24
370,Eugene,Clark,eugene.clark1312@protonmail.com,2024-08-28
371,Ralph,Cole,ralph.cole9874@aol.com,2023-12-08
372,Grace,Powell,grace.powell7326@gmail.com,2024-12-23
373,Lincoln,Cox,lincoln.cox940@yahoo.com,2025-04-11
374,Bobby,Woods,bobby.woods2622@gmail.com,2023-10-20
375,Isaiah,Rodriguez,isaiah.rodriguez2069@yahoo.com,2024-04-28
376,Emma,Ortiz,emma.ortiz6273@me.com,2023-03-08
377,Brandon,Wheeler,brandon.wheeler7372@protonmail.com,2025-01-31
378,Grace,Simmons,grace.simmons1260@me.com,2023-10-09
379,Brooklyn,Jenkins,brooklyn.jenkins6522@protonmail.com,2024-07-24
380,Martha,Robinson,martha.robinson425@hotmail.com,2025-10-19
381,Aurora,Henderson,aurora.henderson9203@yahoo.com,2024-06-20
382,Hannah,Willis,hannah.willis7312@outlook.com,2024-08-07
383,Ellie,Phillips,ellie.phillips2010@hotmail.com,2023-06-01
384,Penelope,Hall,penelope.hall7293@yahoo.com,2024-10-16
385,Abigail,Hodge,abigail.hodge1064@msn.com,2026-01-15
386,Billy,Bennett,billy.bennett2581@hotmail.com,2025-01-10
387,Easton,Murphy,easton.murphy1989@outlook.com,2023-10-12
388,Judith,Garner,judith.garner8095@gmail.com,2025-01-09
389,Johnny,Ellis,johnny.ellis9039@hotmail.com,2023-06-26
390,Emily,Reyes,emily.reyes6524@live.com,2025-12-12
391,Sebastian,Schultz,sebastian.schultz6709@me.com,2023-06-01
392,Nicholas,Hughes,nicholas.hughes1216@live.com,2025-08-12
393,Jordan,Morales,jordan.morales2103@msn.com,2024-01-08
394,Eric,Ramos,eric.ramos8239@gmail.com,2023-09-12
395,Aurora,Flores,aurora.flores4983@hotmail.com,2023-11-28
396,Amber,Hodge,amber.hodge3695@protonmail.com,2025-11-28
397,Alice,Ingram,alice.ingram1293@icloud.com,2024-02-07
398,Ethan,Allen,ethan.allen4962@me.com,2025-12-28
399,Melissa,Kennedy,melissa.kennedy2763@me.com,2023-11-12
400,Debra,Richmond,debra.richmond9915@protonmail.com,2026-02-28
401,Lisa,Fritz,lisa.fritz465@yahoo.com,2023-04-04
402,Jacqueline,Mccoy,jacqueline.mccoy3454@me.com,2025-05-03
403,Jessica,Ruiz,jessica.ruiz8939@icloud.com,2024-09-10
404,Addison,Cooper,addison.cooper6654@icloud.com,2025-07-17
405,Kimberly,Carlson,kimberly.carlson982@hotmail.com,2025-06-19
406,Jayden,Marshall,jayden.marshall7610@outlook.com,2024-11-27
407,Pamela,Cruz,pamela.cruz5232@protonmail.com,2025-03-27
408,Eric,Watts,eric.watts6071@msn.com,2026-02-24
409,Jason,Hughes,jason.hughes3961@live.com,2023-09-08
410,Albert,Hayes,albert.hayes4062@hotmail.com,2023-07-18
411,Betty,Watson,betty.watson6294@me.com,2025-05-06
412,Martha,Green,martha.green5365@me.com,2024-10-02
413,Maria,Simmons,maria.simmons2611@live.com,2025-11-20
414,Lily,Ruiz,lily.ruiz5056@live.com,2023-02-17
415,George,Coleman,george.coleman8282@live.com,2024-05-08
416,Zachary,Lane,zachary.lane5782@gmail.com,2023-04-14
417,Jesse,Harrison,jesse.harrison9790@live.com,2024-08-08
418,Robert,Ingram,robert.ingram1762@aol.com,2023-10-02
419,Jacqueline,Sherman,jacqueline.sherman5993@aol.com,2025-01-19
420,Nancy,Patterson,nancy.patterson839@me.com,2026-02-24
421,Heather,Ortiz,heather.ortiz9065@icloud.com,2023-05-31
422,Charlotte,Wells,charlotte.wells7379@msn.com,2024-07-26
423,Jacob,Allen,jacob.allen1585@aol.com,2025-02-03
424,Brittany,Hudson,brittany.hudson5991@hotmail.com,2024-02-12
425,Easton,Patterson,easton.patterson8194@gmail.com,2023-04-03
426,Karen,Scott,karen.scott5457@live.com,2025-11-29
427,Riley,Hill,riley.hill9933@msn.com,2023-10-14
428,Madison,Medina,madison.medina5219@hotmail.com,2025-03-15
429,Julia,Weaver,julia.weaver5512@msn.com,2025-11-09
430,Jack,McDonald,jack.mcdonald9223@icloud.com,2025-08-30
431,William,Gutierrez,william.gutierrez5428@yahoo.com,2025-05-03
432,Judy,Newton,judy.newton437@me.com,2025-08-29
433,Jacqueline,Harmon,jacqueline.harmon9478@me.com,2024-04-11
434,Anthony,Lane,anthony.lane7872@hotmail.com,2025-12-09
435,Mason,Nguyen,mason.nguyen3969@gmail.com,2026-03-18
436,Jeffrey,Carter,jeffrey.carter311@live.com,2024-10-04
437,Carter,Hill,carter.hill6766@outlook.com,2025-04-20
438,Miles,Obrien,miles.obrien7727@gmail.com,2023-10-10
439,Aurora,Collins,aurora.collins9190@protonmail.com,2025-09-06
440,Audrey,Butler,audrey.butler5141@hotmail.com,2025-07-30
441,Jack,Ross,jack.ross8951@protonmail.com,2024-06-25
442,Addison,Roberts,addison.roberts4039@icloud.com,2026-02-16
443,Bruce,Murphy,bruce.murphy4877@icloud.com,2024-02-29
444,Aaron,Hughes,aaron.hughes7862@protonmail.com,2026-02-21
445,Ethan,Wood,ethan.wood1997@me.com,2026-01-17
446,Mason,Simmons,mason.simmons5655@hotmail.com,2024-08-17
447,Lisa,Wood,lisa.wood1295@protonmail.com,2025-06-24
448,Frances,Erickson,frances.erickson7850@outlook.com,2024-02-18
449,Joe,Carr,joe.carr4451@hotmail.com,2023-08-12
450,Roger,Cooper,roger.cooper832@msn.com,2024-04-07
451,Olivia,Wilson,olivia.wilson1642@aol.com,2024-11-07
452,Eleanor,Sanchez,eleanor.sanchez2253@gmail.com,2026-02-01
453,Frank,Reynolds,frank.reynolds7794@live.com,2024-02-13
454,Teresa,Price,teresa.price4677@gmail.com,2023-07-03
455,Arthur,Washington,arthur.washington612@hotmail.com,2025-05-05
456,Patrick,Martinez,patrick.martinez6505@live.com,2024-01-17
457,Billy,Martinez,billy.martinez152@icloud.com,2026-03-09
458,Jason,Foster,jason.foster4663@live.com,2026-01-17
459,Ezra,Harrison,ezra.harrison2199@msn.com,2025-08-16
460,Gloria,Roberts,gloria.roberts1846@protonmail.com,2023-11-29
461,Evan,Wolfe,evan.wolfe4216@hotmail.com,2023-01-29
462,Louis,Garner,louis.garner4834@me.com,2024-01-31
463,Rachel,Medina,rachel.medina6644@aol.com,2025-11-21
464,Madison,Thompson,madison.thompson6568@yahoo.com,2024-01-14
465,Brenda,Ford,brenda.ford5302@outlook.com,2023-01-14
466,Hannah,Fisher,hannah.fisher3859@live.com,2024-06-30
467,Alan,Gray,alan.gray9544@me.com,2023-01-24
468,Hannah,Harmon,hannah.harmon5891@outlook.com,2023-05-08
469,Jacob,Ellis,jacob.ellis5027@hotmail.com,2025-04-10
470,Zoe,Willis,zoe.willis5096@yahoo.com,2024-08-27
471,Johnny,Ryan,johnny.ryan3619@outlook.com,2023-10-01
472,Connor,Flores,connor.flores7455@me.com,2025-02-04
473,Jayden,Duncan,jayden.duncan8999@live.com,2026-01-05
474,Christina,Simmons,christina.simmons4055@me.com,2023-06-17
475,Audrey,Cole,audrey.cole8654@protonmail.com,2023-06-09
476,Laura,Thomas,laura.thomas8973@msn.com,2024-02-19
477,Scott,Nelson,scott.nelson5376@msn.com,2025-06-23
478,Cynthia,Lawson,cynthia.lawson3366@me.com,2025-09-28
479,George,Alvarez,george.alvarez7299@gmail.com,2025-07-17
480,Shirley,Woods,shirley.woods6807@live.com,2026-02-28
481,Sandra,Carr,sandra.carr7576@icloud.com,2023-02-14
482,Oliver,Bell,oliver.bell50@outlook.com,2026-03-30
483,Kimberly,Lopez,kimberly.lopez6942@protonmail.com,2023-05-11
484,Donald,Moore,donald.moore7735@gmail.com,2024-08-10
485,Abigail,Campbell,abigail.campbell2219@aol.com,2025-02-05
486,Isabella,Cole,isabella.cole6185@aol.com,2023-06-14
487,Jonathan,Harmon,jonathan.harmon5698@yahoo.com,2024-01-01
488,Mia,Webb,mia.webb2087@outlook.com,2023-01-08
489,Elizabeth,Bennett,elizabeth.bennett7586@msn.com,2025-05-18
490,Jack,Barnes,jack.barnes3763@outlook.com,2025-08-01
491,Abigail,Flores,abigail.flores4517@outlook.com,2023-08-20
492,Thomas,Terry,thomas.terry6869@me.com,2023-02-02
493,Megan,Evans,megan.evans1103@yahoo.com,2023-03-10
494,Eli,Nichols,eli.nichols798@outlook.com,2023-04-01
495,Harper,Griffin,harper.griffin3840@msn.com,2024-03-20
496,Mark,Scott,mark.scott8256@icloud.com,2024-04-24
497,Denise,Hansen,denise.hansen9797@protonmail.com,2024-04-30
498,Jordan,Torres,jordan.torres8541@outlook.com,2025-04-26
499,Julia,Cox,julia.cox999@msn.com,2023-12-25
500,Angel,Hudson,angel.hudson8121@gmail.com,2024-12-06
501,Isabella,Moody,isabella.moody8593@protonmail.com,2025-05-02
502,Abigail,Hill,abigail.hill4914@aol.com,2024-01-12
503,Nolan,Peterson,nolan.peterson3693@icloud.com,2023-10-23
504,Nora,Anderson,nora.anderson9215@aol.com,2025-05-03
505,Brooklyn,Wright,brooklyn.wright6364@outlook.com,2024-06-06
506,Douglas,Long,douglas.long1296@live.com,2025-01-29
507,Melissa,Tucker,melissa.tucker3121@gmail.com,2024-07-03
508,Sophia,Curtis,sophia.curtis9912@me.com,2023-03-22
509,Kimberly,Carter,kimberly.carter9627@msn.com,2024-03-20
510,Lillian,Collins,lillian.collins5456@icloud.com,2023-02-01
511,Nathan,Carter,nathan.carter1923@live.com,2024-05-11
512,Douglas,Simmons,douglas.simmons3922@msn.com,2024-10-20
513,Jesse,Barnes,jesse.barnes7640@msn.com,2025-01-05
514,Judy,Gomez,judy.gomez5893@msn.com,2025-10-15
515,Leo,Sanchez,leo.sanchez7693@protonmail.com,2024-02-21
516,Kayla,Cruz,kayla.cruz6782@gmail.com,2026-02-26
517,Lauren,Gibson,lauren.gibson2391@gmail.com,2024-06-18
518,Elizabeth,Brooks,elizabeth.brooks2498@outlook.com,2024-11-06
519,Evelyn,Barnes,evelyn.barnes9336@outlook.com,2025-10-19
520,Louis,Bell,louis.bell8006@live.com,2025-08-01
521,Samuel,Johnston,samuel.johnston5771@hotmail.com,2023-10-14
522,Aaron,Mitchell,aaron.mitchell8883@gmail.com,2025-12-09
523,Sarah,Barker,sarah.barker1218@gmail.com,2023-01-14
524,Emily,Scott,emily.scott3792@yahoo.com,2023-11-06
525,Robert,Stewart,robert.stewart8286@live.com,2025-02-03
526,Donald,Fernandez,donald.fernandez7917@live.com,2023-02-02
527,Patricia,Washington,patricia.washington9039@aol.com,2023-01-25
528,William,Webb,william.webb4502@msn.com,2024-08-10
529,William,Kennedy,william.kennedy7055@hotmail.com,2023-08-08
530,Deborah,Olson,deborah.olson2440@outlook.com,2024-01-29
531,Audrey,Bailey,audrey.bailey5808@icloud.com,2025-03-23
532,Kenneth,Perry,kenneth.perry6653@live.com,2026-03-03
533,Keith,Fry,keith.fry3701@icloud.com,2023-06-15
534,Thomas,White,thomas.white6641@aol.com,2025-02-11
535,Hannah,Anderson,hannah.anderson155@hotmail.com,2023-06-19
536,Natalia,Ingram,natalia.ingram7110@protonmail.com,2026-03-04
537,Timothy,Webb,timothy.webb698@outlook.com,2024-03-08
538,Hannah,Ward,hannah.ward763@yahoo.com,2024-07-28
539,Thomas,Rivera,thomas.rivera5153@gmail.com,2024-02-29
540,Pamela,Carr,pamela.carr6526@yahoo.com,2024-09-04
541,Katherine,Frank,katherine.frank3940@me.com,2025-03-07
542,Marilyn,Fisher,marilyn.fisher2293@yahoo.com,2025-10-22
543,Abigail,Wilson,abigail.wilson1601@aol.com,2024-04-20
544,Joshua,Ross,joshua.ross9916@me.com,2025-03-23
545,Madison,Davis,madison.davis4479@live.com,2025-10-01
546,Carl,Russell,carl.russell9061@aol.com,2025-06-03
547,Catherine,Lawson,catherine.lawson9599@aol.com,2023-06-25
548,Janice,Boyd,janice.boyd4038@yahoo.com,2023-06-18
549,Ann,Flores,ann.flores6226@hotmail.com,2025-03-08
550,Dylan,Ortiz,dylan.ortiz1746@yahoo.com,2023-01-11
551,Judy,West,judy.west5897@icloud.com,2023-07-29
552,Shirley,Thompson,shirley.thompson3071@aol.com,2025-07-08
553,Harrison,Reynolds,harrison.reynolds1693@gmail.com,2023-07-03
554,Natalie,Vasquez,natalie.vasquez1525@me.com,2024-10-26
555,Charlotte,Brown,charlotte.brown4782@aol.com,2025-03-05
556,Michelle,Doyle,michelle.doyle9168@outlook.com,2026-03-17
557,Dominic,Baker,dominic.baker6238@hotmail.com,2023-10-12
558,Ann,Gray,ann.gray4398@live.com,2023-10-26
559,Steven,Nelson,steven.nelson7122@icloud.com,2025-05-12
560,Julia,Marshall,julia.marshall1261@protonmail.com,2024-05-30
561,Jeremy,Saunders,jeremy.saunders8124@me.com,2024-02-05
562,Evan,Ramirez,evan.ramirez2220@icloud.com,2023-01-14
563,Oliver,Foster,oliver.foster6225@protonmail.com,2025-06-20
564,Danielle,Ramos,danielle.ramos9739@hotmail.com,2024-09-07
565,Eugene,Ray,eugene.ray3291@live.com,2024-10-05
566,Patrick,Simmons,patrick.simmons5229@icloud.com,2025-10-02
567,Keith,Myers,keith.myers6162@icloud.com,2025-03-15
568,Bobby,Robinson,bobby.robinson9239@outlook.com,2026-01-22
569,Jack,Lawson,jack.lawson9013@gmail.com,2025-08-03
570,Victoria,Griffin,victoria.griffin4774@yahoo.com,2025-04-17
571,Natalia,Scott,natalia.scott4962@outlook.com,2024-06-01
572,Brandon,Nunez,brandon.nunez6933@aol.com,2023-06-01
573,Chloe,Nichols,chloe.nichols7852@me.com,2025-03-31
574,Bella,Wells,bella.wells6854@msn.com,2023-03-17
575,Vincent,Duncan,vincent.duncan8797@me.com,2023-06-24
576,Sharon,Schultz,sharon.schultz4068@protonmail.com,2023-12-07
577,Daniel,Frank,daniel.frank6548@protonmail.com,2025-05-31
578,Jason,Williams,jason.williams1616@icloud.com,2024-03-30
579,Hazel,Erickson,hazel.erickson8500@msn.com,2026-03-24
580,Lauren,Cole,lauren.cole6130@aol.com,2025-08-06
581,Miles,Hill,miles.hill5652@gmail.com,2025-09-15
582,Rebecca,Brooks,rebecca.brooks6816@yahoo.com,2023-08-26
583,Larry,Powell,larry.powell5111@protonmail.com,2025-07-21
584,Joyce,Castillo,joyce.castillo7913@protonmail.com,2025-09-02
585,Deborah,Griffin,deborah.griffin7413@protonmail.com,2023-05-18
586,Julia,Lopez,julia.lopez1886@gmail.com,2024-12-03
587,Sharon,Wheeler,sharon.wheeler2693@outlook.com,2025-11-22
588,Rachel,Vasquez,rachel.vasquez2624@protonmail.com,2026-02-20
589,Angel,Bryant,angel.bryant3799@aol.com,2024-01-13
590,Catherine,Douglas,catherine.douglas7081@aol.com,2023-03-01
591,Diane,Hayes,diane.hayes9703@aol.com,2025-03-07
592,John,Willis,john.willis3520@outlook.com,2024-07-24
593,Steven,Hansen,steven.hansen1668@msn.com,2024-01-18
594,Emma,Myers,emma.myers3229@live.com,2023-08-22
595,Christian,Little,christian.little8020@msn.com,2024-10-03
596,Aiden,Medina,aiden.medina6432@me.com,2023-08-22
597,Randy,Sullivan,randy.sullivan7502@me.com,2023-12-20
598,Bruce,Ryan,bruce.ryan9670@yahoo.com,2023-10-02
599,Noah,Walker,noah.walker3909@icloud.com,2023-08-28
600,Janet,Perry,janet.perry2317@msn.com,2025-03-06
601,Carter,Mills,carter.mills2259@me.com,2025-02-24
602,Dylan,Mitchell,dylan.mitchell7974@msn.com,2023-12-21
603,Christine,McDonald,christine.mcdonald4733@hotmail.com,2024-01-19
604,Beverly,Sparks,beverly.sparks7390@me.com,2023-04-20
605,Lori,Williams,lori.williams7940@hotmail.com,2024-02-04
606,Liam,Carr,liam.carr8282@live.com,2025-04-17
607,Ellie,Graham,ellie.graham7273@live.com,2023-12-09
608,Kevin,Frank,kevin.frank506@outlook.com,2024-08-21
609,Thomas,Cox,thomas.cox3684@msn.com,2024-08-14
610,Samuel,Ramos,samuel.ramos7493@me.com,2025-10-11
611,Hazel,Lewis,hazel.lewis9384@yahoo.com,2024-07-02
612,Emma,Freeman,emma.freeman682@live.com,2026-01-23
613,Christina,Gonzales,christina.gonzales1678@outlook.com,2024-09-01
614,Thomas,Hayes,thomas.hayes4306@protonmail.com,2023-06-28
615,Isaiah,Walker,isaiah.walker3883@outlook.com,2024-12-19
616,Madison,Nelson,madison.nelson2282@outlook.com,2024-02-28
617,Donald,Cunningham,donald.cunningham5748@msn.com,2024-07-29
618,Samuel,Price,samuel.price4795@icloud.com,2026-03-18
619,Albert,Woods,albert.woods1561@hotmail.com,2025-04-22
620,Donald,Cox,donald.cox2079@hotmail.com,2024-05-26
621,Justin,Holloway,justin.holloway5278@outlook.com,2025-03-15
622,Aaron,Torres,aaron.torres9461@icloud.com,2025-04-28
623,Peter,Hayes,peter.hayes1238@yahoo.com,2025-04-05
624,Violet,Erickson,violet.erickson4559@protonmail.com,2025-07-20
625,Aubrey,Myers,aubrey.myers9535@gmail.com,2023-07-10
626,Evan,Yates,evan.yates5870@yahoo.com,2025-12-30
627,Amelia,Stewart,amelia.stewart7040@outlook.com,2025-10-10
628,Ann,Price,ann.price4647@protonmail.com,2026-01-25
629,Eric,Frank,eric.frank7952@protonmail.com,2023-04-10
630,Nancy,Sanchez,nancy.sanchez7530@gmail.com,2023-09-12
631,Frank,Griffin,frank.griffin7480@gmail.com,2025-05-26
632,Julie,Carlson,julie.carlson2162@icloud.com,2023-11-22
633,Ethan,White,ethan.white5906@icloud.com,2023-06-18
634,Logan,Bradley,logan.bradley2712@gmail.com,2025-03-22
635,Ralph,Doyle,ralph.doyle3837@aol.com,2023-07-06
636,Timothy,Smith,timothy.smith3497@live.com,2023-06-09
637,Shirley,Weaver,shirley.weaver3706@msn.com,2025-06-30
638,Robert,Williams,robert.williams5630@yahoo.com,2025-05-14
639,Shirley,Ford,shirley.ford1161@outlook.com,2025-02-23
640,Amanda,Johnston,amanda.johnston1679@yahoo.com,2024-10-03
641,Johnny,Bennett,johnny.bennett2247@aol.com,2023-09-30
642,Pamela,Moore,pamela.moore8692@me.com,2023-01-18
643,Gregory,Griffin,gregory.griffin5754@outlook.com,2023-11-07
644,Sebastian,Ryan,sebastian.ryan7249@outlook.com,2023-06-27
645,Stephanie,Scott,stephanie.scott2018@me.com,2025-02-25
646,Jane,Alexander,jane.alexander5153@hotmail.com,2024-05-22
647,Jean,Wolfe,jean.wolfe1381@outlook.com,2026-02-07
648,Alice,Ramos,alice.ramos440@icloud.com,2024-02-25
649,Aurora,Garza,aurora.garza8349@outlook.com,2025-03-13
650,Janice,Wolfe,janice.wolfe895@outlook.com,2025-10-10
651,Charlotte,Lewis,charlotte.lewis3950@live.com,2023-05-26
652,Jace,Brown,jace.brown5917@protonmail.com,2023-09-28
653,Aiden,Barker,aiden.barker9313@aol.com,2025-01-18
654,Benjamin,Simmons,benjamin.simmons7718@yahoo.com,2023-02-04
655,Paul,Brown,paul.brown4296@outlook.com,2023-03-23
656,Donald,Garner,donald.garner6521@msn.com,2024-08-09
657,Miles,Schultz,miles.schultz6807@aol.com,2025-04-03
658,Kevin,Douglas,kevin.douglas8792@msn.com,2023-11-09
659,Austin,Perez,austin.perez5078@yahoo.com,2025-11-13
660,Douglas,Morton,douglas.morton2546@msn.com,2024-10-31
661,Lucas,Stone,lucas.stone1084@icloud.com,2025-06-14
662,Roger,Anderson,roger.anderson4006@yahoo.com,2025-06-08
663,Cynthia,Chavez,cynthia.chavez9976@gmail.com,2024-09-25
664,Rachel,Walker,rachel.walker208@hotmail.com,2023-01-24
665,Katherine,Ruiz,katherine.ruiz5681@msn.com,2025-11-25
666,Sean,Nelson,sean.nelson6093@hotmail.com,2024-07-04
667,Jacob,Floyd,jacob.floyd481@protonmail.com,2025-05-29
668,Gloria,Olson,gloria.olson1047@icloud.com,2026-03-26
669,Donna,Ruiz,donna.ruiz7458@msn.com,2025-01-07
670,Mark,Ruiz,mark.ruiz9288@hotmail.com,2025-01-23
671,Frank,Bell,frank.bell1686@me.com,2023-08-25
672,Carl,Gibson,carl.gibson8337@gmail.com,2023-04-01
673,Michael,Cooper,michael.cooper754@live.com,2025-01-15
674,Liam,Hill,liam.hill2933@gmail.com,2026-02-06
675,Carter,Murphy,carter.murphy5273@outlook.com,2025-05-02
676,Denise,Ward,denise.ward1277@me.com,2025-02-02
677,Kathleen,Kennedy,kathleen.kennedy863@hotmail.com,2024-04-02
678,Jordan,Lopez,jordan.lopez6569@yahoo.com,2025-08-10
679,Jesse,Obrien,jesse.obrien5091@protonmail.com,2023-06-26
680,Riley,Williams,riley.williams6045@outlook.com,2024-08-20
681,Grace,Gibson,grace.gibson3975@live.com,2025-01-24
682,Asher,Floyd,asher.floyd3202@msn.com,2024-05-17
683,Nicole,Johnson,nicole.johnson6719@gmail.com,2024-04-22
684,Abigail,Yates,abigail.yates158@protonmail.com,2023-01-03
685,Peter,Alexander,peter.alexander5039@yahoo.com,2024-02-25
686,Brooklyn,Morgan,brooklyn.morgan6879@live.com,2023-05-03
687,Larry,Holloway,larry.holloway4585@yahoo.com,2023-03-31
688,Arthur,Ingram,arthur.ingram8516@aol.com,2025-02-01
689,Evan,Erickson,evan.erickson1392@me.com,2023-07-15
690,Cooper,Wright,cooper.wright6462@yahoo.com,2026-03-08
691,Ashley,Wallace,ashley.wallace2142@outlook.com,2024-08-20
692,Hannah,Alexander,hannah.alexander5162@aol.com,2024-10-30
693,Dylan,Hayes,dylan.hayes4456@outlook.com,2023-06-02
694,Julie,Wright,julie.wright9580@yahoo.com,2023-11-15
695,Jason,Nelson,jason.nelson7366@live.com,2024-10-05
696,Caleb,Walker,caleb.walker8781@protonmail.com,2024-03-01
697,Penelope,James,penelope.james7592@icloud.com,2023-09-03
698,George,Green,george.green4985@me.com,2023-03-24
699,Zachary,Greer,zachary.greer5371@hotmail.com,2023-07-06
700,Martha,Russell,martha.russell6493@msn.com,2023-04-11
701,Julia,Gomez,julia.gomez2849@gmail.com,2025-04-08
702,Penelope,Hudson,penelope.hudson9014@outlook.com,2023-07-13
703,Brayden,Clark,brayden.clark2291@yahoo.com,2023-01-25
704,Ashley,Chambers,ashley.chambers3642@hotmail.com,2024-02-10
705,Harper,Perry,harper.perry1377@me.com,2024-06-14
706,Joshua,Garcia,joshua.garcia1057@outlook.com,2025-06-27
707,Angela,White,angela.white5433@yahoo.com,2023-03-29
708,Brayden,Gonzalez,brayden.gonzalez2753@me.com,2025-06-06
709,Oliver,Ruiz,oliver.ruiz484@aol.com,2025-05-23
710,Benjamin,Sullivan,benjamin.sullivan3518@hotmail.com,2024-07-17
711,Kathryn,Cole,kathryn.cole2436@gmail.com,2024-05-18
712,Janice,Ruiz,janice.ruiz6751@msn.com,2025-09-08
713,Ashley,Thompson,ashley.thompson4584@aol.com,2023-10-09
714,Carter,Phillips,carter.phillips8615@outlook.com,2026-01-18
715,Barbara,Barnes,barbara.barnes5884@live.com,2026-01-20
716,Hunter,Morales,hunter.morales9268@msn.com,2024-10-20
717,Aiden,Ward,aiden.ward2947@gmail.com,2024-10-15
718,Harold,Davis,harold.davis4603@gmail.com,2025-08-24
719,Brooklyn,Russell,brooklyn.russell9569@outlook.com,2023-11-23
720,Stephanie,Reed,stephanie.reed3952@icloud.com,2025-12-28
721,Mark,Simmons,mark.simmons3595@me.com,2025-03-06
722,Natalie,Barker,natalie.barker2847@hotmail.com,2024-04-29
723,Dylan,Morton,dylan.morton5879@me.com,2023-02-27
724,Philip,Cunningham,philip.cunningham9235@hotmail.com,2026-02-27
725,Jerry,Barker,jerry.barker8065@msn.com,2024-09-24
726,Rachel,McDonald,rachel.mcdonald622@yahoo.com,2023-04-26
727,Olivia,Ray,olivia.ray3585@gmail.com,2025-12-14
728,Connor,Smith,connor.smith5436@me.com,2024-02-17
729,Eric,Ross,eric.ross2908@protonmail.com,2023-05-02
730,Elizabeth,Nguyen,elizabeth.nguyen9612@hotmail.com,2023-08-16
731,Audrey,Jenkins,audrey.jenkins1189@protonmail.com,2025-03-21
732,Stephanie,Sanders,stephanie.sanders4945@protonmail.com,2023-10-07
733,Frank,Johnston,frank.johnston7158@live.com,2024-10-11
734,Rachel,Hodge,rachel.hodge9208@me.com,2024-12-31
735,Kyle,Bradley,kyle.bradley9650@hotmail.com,2025-02-13
736,Judy,Johnston,judy.johnston4826@hotmail.com,2023-12-30
737,James,Duncan,james.duncan9386@aol.com,2026-03-08
738,Thomas,Campbell,thomas.campbell9870@protonmail.com,2024-03-28
739,Rebecca,Ruiz,rebecca.ruiz2305@protonmail.com,2023-06-09
740,Judith,Morales,judith.morales5235@hotmail.com,2023-07-01
741,Danielle,Cole,danielle.cole187@icloud.com,2024-03-05
742,Martha,Bowen,martha.bowen1111@protonmail.com,2024-06-09
743,Sharon,Saunders,sharon.saunders21@gmail.com,2025-03-01
744,Isaiah,Johnston,isaiah.johnston6876@hotmail.com,2025-04-27
745,Asher,Butler,asher.butler5755@msn.com,2025-02-07
746,Stephanie,Chambers,stephanie.chambers7856@me.com,2024-04-06
747,Katherine,Hayes,katherine.hayes1208@gmail.com,2024-08-26
748,David,Hughes,david.hughes4279@yahoo.com,2023-06-01
749,Diana,Baker,diana.baker6152@hotmail.com,2023-06-03
750,Melissa,Sanders,melissa.sanders9733@me.com,2025-09-15
751,Jessica,Ramos,jessica.ramos2704@me.com,2025-06-08
752,Frank,Wilson,frank.wilson1660@protonmail.com,2024-02-25
753,Maria,Reynolds,maria.reynolds9079@msn.com,2024-06-27
754,Jesse,Bennett,jesse.bennett3892@yahoo.com,2023-04-12
755,Mia,Harvey,mia.harvey9006@live.com,2023-11-11
756,Margaret,Ortiz,margaret.ortiz63@aol.com,2023-06-29
757,Bryan,Munoz,bryan.munoz9834@live.com,2024-02-13
758,Deborah,Miller,deborah.miller3391@hotmail.com,2024-08-20
759,Carol,Murray,carol.murray1893@icloud.com,2025-03-25
760,Eleanor,McDonald,eleanor.mcdonald4342@yahoo.com,2026-01-19
761,Aiden,Mitchell,aiden.mitchell6079@aol.com,2025-01-26
762,Catherine,Cole,catherine.cole732@icloud.com,2025-06-19
763,Leo,Kelly,leo.kelly3707@icloud.com,2026-03-01
764,Ashley,Hill,ashley.hill1585@yahoo.com,2024-12-05
765,Emily,Bates,emily.bates9663@outlook.com,2026-02-07
766,Ashley,Sparks,ashley.sparks6343@msn.com,2025-05-07
767,Hannah,Harvey,hannah.harvey3861@live.com,2024-09-04
768,Kenneth,Simmons,kenneth.simmons569@msn.com,2026-03-15
769,Jordan,Boyd,jordan.boyd9364@me.com,2023-10-29
770,Kathleen,Bates,kathleen.bates7358@hotmail.com,2023-12-09
771,Nathan,Morton,nathan.morton3158@hotmail.com,2023-03-29
772,Dylan,Lee,dylan.lee7134@outlook.com,2023-10-30
773,Sean,Hughes,sean.hughes1098@yahoo.com,2025-03-05
774,Amelia,Vasquez,amelia.vasquez5344@icloud.com,2025-11-30
775,Evan,Brown,evan.brown9627@msn.com,2025-05-09
776,Laura,Graham,laura.graham2452@hotmail.com,2026-03-06
777,Stephanie,Ramirez,stephanie.ramirez9220@yahoo.com,2024-08-08
778,Gabriel,Hamilton,gabriel.hamilton4328@aol.com,2025-09-21
779,Nolan,Martinez,nolan.martinez2822@icloud.com,2025-04-05
780,Pamela,Fernandez,pamela.fernandez9973@aol.com,2023-03-21
781,Oliver,Long,oliver.long3893@gmail.com,2025-08-31
782,Ann,Perry,ann.perry332@protonmail.com,2024-09-12
783,Rose,Diaz,rose.diaz8055@yahoo.com,2024-04-11
784,Jonathan,Bennett,jonathan.bennett7260@protonmail.com,2024-07-05
785,Elizabeth,Ray,elizabeth.ray1463@outlook.com,2025-06-23
786,Nathan,Munoz,nathan.munoz6672@live.com,2025-11-23
787,Alexis,Munoz,alexis.munoz921@msn.com,2023-11-22
788,Emily,Reyes,emily.reyes8304@aol.com,2023-10-05
789,Ezra,Cunningham,ezra.cunningham475@hotmail.com,2024-01-30
790,Henry,Barker,henry.barker945@outlook.com,2023-03-09
791,Riley,Gonzalez,riley.gonzalez5905@outlook.com,2024-07-15
792,Johnny,Munoz,johnny.munoz7606@msn.com,2025-03-23
793,Amy,Lawson,amy.lawson501@outlook.com,2025-02-01
794,Aaron,Mills,aaron.mills7309@hotmail.com,2025-08-29
795,Jane,Morales,jane.morales2680@icloud.com,2023-07-05
796,Alice,Davis,alice.davis6334@gmail.com,2023-11-30
797,Kelly,Morris,kelly.morris3689@outlook.com,2024-07-05
798,Abigail,Woods,abigail.woods329@gmail.com,2025-08-28
799,Shirley,Wolfe,shirley.wolfe2838@me.com,2023-01-18
800,Kyle,Bailey,kyle.bailey9968@icloud.com,2024-07-17
801,Dylan,Butler,dylan.butler5714@live.com,2024-05-31
802,Christina,Ellis,christina.ellis4951@msn.com,2025-03-24
803,Edward,Johnson,edward.johnson8381@protonmail.com,2026-02-23
804,Jesse,Bennett,jesse.bennett1772@live.com,2023-05-11
805,Louis,Cox,louis.cox5328@icloud.com,2024-06-18
806,Bruce,Carter,bruce.carter2457@msn.com,2024-05-07
807,Sandra,Morton,sandra.morton9831@aol.com,2024-10-16
808,Brenda,Saunders,brenda.saunders418@live.com,2024-08-28
809,Sean,Kim,sean.kim6629@aol.com,2023-03-14
810,Maria,Ross,maria.ross3644@msn.com,2025-09-01
811,Lori,Wells,lori.wells4919@hotmail.com,2026-02-17
812,Jack,Brooks,jack.brooks1600@live.com,2023-09-20
813,Sean,Doyle,sean.doyle9160@hotmail.com,2024-11-18
814,Amanda,Morris,amanda.morris5821@outlook.com,2024-09-20
815,Sofia,Moody,sofia.moody5429@protonmail.com,2024-06-17
816,Bryan,Bryant,bryan.bryant1930@live.com,2023-04-20
817,Andrew,Stevens,andrew.stevens3188@msn.com,2023-09-03
818,Isabella,Webb,isabella.webb4889@aol.com,2023-04-21
819,Nicole,Scott,nicole.scott3282@protonmail.com,2025-04-18
820,Evan,Torres,evan.torres5184@hotmail.com,2023-06-15
821,Aubrey,Foster,aubrey.foster2898@protonmail.com,2023-04-29
822,John,Hayes,john.hayes4482@outlook.com,2023-12-12
823,Samantha,McDonald,samantha.mcdonald1443@hotmail.com,2025-06-07
824,Madison,Jordan,madison.jordan7030@live.com,2025-02-24
825,John,Martinez,john.martinez8746@outlook.com,2025-02-03
826,Linda,Price,linda.price8701@outlook.com,2023-02-06
827,John,Bush,john.bush4077@outlook.com,2024-12-06
828,Rose,King,rose.king1683@aol.com,2025-10-27
829,Ralph,Nelson,ralph.nelson1070@gmail.com,2024-09-02
830,Billy,Chavez,billy.chavez8525@me.com,2025-12-09
831,Louis,Wallace,louis.wallace2193@protonmail.com,2025-09-30
832,Lori,Carr,lori.carr3088@hotmail.com,2025-04-06
833,Barbara,Cook,barbara.cook3676@hotmail.com,2024-03-08
834,Elizabeth,Stone,elizabeth.stone8268@hotmail.com,2023-09-10
835,Emma,Holloway,emma.holloway613@aol.com,2024-06-07
836,Bella,Herrera,bella.herrera797@me.com,2023-04-09
837,Sharon,Harmon,sharon.harmon324@gmail.com,2023-08-26
838,Elizabeth,West,elizabeth.west6231@yahoo.com,2026-01-25
839,Andrea,Murray,andrea.murray2509@outlook.com,2023-01-20
840,Jordan,Kim,jordan.kim1655@msn.com,2024-07-06
841,Stephen,Kim,stephen.kim1719@msn.com,2023-08-30
842,Jesse,Robinson,jesse.robinson1742@live.com,2024-02-11
843,Henry,Ramos,henry.ramos4309@msn.com,2024-02-18
844,Lori,Willis,lori.willis6714@icloud.com,2023-11-25
845,Christopher,Henry,christopher.henry8133@outlook.com,2025-09-11
846,Marilyn,Morgan,marilyn.morgan45@gmail.com,2023-07-02
847,Jeffrey,Greer,jeffrey.greer9407@live.com,2023-11-02
848,George,Ramos,george.ramos8384@yahoo.com,2023-07-27
849,Frances,Sharp,frances.sharp3788@live.com,2024-08-29
850,Jacqueline,Bryant,jacqueline.bryant821@yahoo.com,2023-12-24
851,Christopher,Watson,christopher.watson5902@protonmail.com,2025-05-22
852,Cynthia,Harris,cynthia.harris752@gmail.com,2023-10-11
853,Debra,Long,debra.long5858@live.com,2024-07-03
854,Melissa,Perry,melissa.perry5616@hotmail.com,2023-08-22
855,Harper,Patterson,harper.patterson7480@icloud.com,2025-02-28
856,Connor,Boyd,connor.boyd6910@hotmail.com,2023-08-20
857,Shirley,Fry,shirley.fry961@hotmail.com,2023-08-01
858,Elizabeth,Weaver,elizabeth.weaver7909@me.com,2025-06-16
859,Jack,Medina,jack.medina6222@protonmail.com,2023-03-01
860,Eric,Marshall,eric.marshall7998@yahoo.com,2025-04-22
861,Aria,Lopez,aria.lopez1038@icloud.com,2024-10-05
862,Michael,Willis,michael.willis8599@me.com,2026-03-03
863,Kyle,Little,kyle.little5543@msn.com,2025-12-07
864,Timothy,Ramos,timothy.ramos4073@live.com,2024-12-09
865,Charlotte,Hill,charlotte.hill9148@me.com,2023-04-22
866,Jennifer,Sharp,jennifer.sharp2572@msn.com,2025-08-19
867,Stella,Nelson,stella.nelson1227@live.com,2024-10-18
868,Megan,Long,megan.long4558@gmail.com,2025-11-04
869,Kyle,Henry,kyle.henry6204@aol.com,2024-04-26
870,Kenneth,Gibson,kenneth.gibson7278@me.com,2025-07-06
871,Amanda,Ruiz,amanda.ruiz7325@protonmail.com,2023-09-01
872,Adrian,Pierce,adrian.pierce292@yahoo.com,2025-04-06
873,Emily,Martinez,emily.martinez9129@msn.com,2023-01-01
874,George,Garner,george.garner9900@me.com,2024-09-15
875,Easton,Carr,easton.carr3390@live.com,2024-11-29
876,Bobby,Fritz,bobby.fritz890@outlook.com,2025-07-19
877,Marilyn,Carr,marilyn.carr9830@live.com,2025-01-14
878,Penelope,Robinson,penelope.robinson1597@outlook.com,2023-01-05
879,Russell,Sullivan,russell.sullivan4784@msn.com,2025-12-05
880,Alexis,Duncan,alexis.duncan1742@gmail.com,2023-12-03
881,Asher,Scott,asher.scott6705@yahoo.com,2024-06-04
882,Tyler,Carter,tyler.carter1979@aol.com,2024-03-17
883,Evan,Fritz,evan.fritz3123@protonmail.com,2023-08-09
884,Jayden,Lopez,jayden.lopez9648@yahoo.com,2025-07-11
885,Evan,Richmond,evan.richmond9656@msn.com,2023-10-03
886,Natalia,Johnson,natalia.johnson8690@gmail.com,2026-02-07
887,Scarlett,Barker,scarlett.barker9587@live.com,2025-11-07
888,Patrick,Bowen,patrick.bowen9480@hotmail.com,2023-09-20
889,Rebecca,Henderson,rebecca.henderson9840@me.com,2024-10-21
890,Cooper,Fisher,cooper.fisher6860@me.com,2024-05-23
891,Ethan,Simmons,ethan.simmons5618@icloud.com,2025-07-16
892,Jonathan,Scott,jonathan.scott6763@me.com,2025-11-15
893,Julia,Sparks,julia.sparks8976@protonmail.com,2026-02-07
894,Christina,Phillips,christina.phillips3436@me.com,2024-08-18
895,Gabriel,Curtis,gabriel.curtis2174@hotmail.com,2025-10-28
896,Amber,Hodge,amber.hodge1891@protonmail.com,2026-02-25
897,Lillian,Lane,lillian.lane9350@aol.com,2025-12-29
898,Willie,Ingram,willie.ingram6921@gmail.com,2025-12-06
899,Jason,Miller,jason.miller6241@hotmail.com,2023-04-19
900,Mark,Phillips,mark.phillips4375@hotmail.com,2024-08-09
901,Lawrence,Nguyen,lawrence.nguyen1017@icloud.com,2024-02-22
902,Thomas,Russell,thomas.russell7416@yahoo.com,2026-02-24
903,Kyle,Pierce,kyle.pierce9196@aol.com,2024-05-01
904,Hazel,Baldwin,hazel.baldwin4713@gmail.com,2025-02-20
905,Aiden,Graham,aiden.graham5123@msn.com,2023-04-21
906,Michael,Pierce,michael.pierce4118@outlook.com,2025-06-26
907,Joan,Yates,joan.yates6026@me.com,2026-01-24
908,Tyler,Obrien,tyler.obrien3171@icloud.com,2025-07-08
909,Patrick,Lawson,patrick.lawson1221@hotmail.com,2023-12-22
910,Violet,Walker,violet.walker6181@gmail.com,2025-05-27
911,Austin,Hudson,austin.hudson4330@hotmail.com,2023-11-26
912,Terry,Johnson,terry.johnson5416@live.com,2023-11-14
913,Christopher,Flores,christopher.flores5286@me.com,2023-04-15
914,Jordan,McDonald,jordan.mcdonald9383@msn.com,2025-01-03
915,Kimberly,Baldwin,kimberly.baldwin5208@msn.com,2024-03-26
916,Dennis,Castillo,dennis.castillo1118@msn.com,2023-11-23
917,Jayden,Burns,jayden.burns8799@aol.com,2023-07-08
918,Randy,Morris,randy.morris3496@protonmail.com,2024-11-09
919,Vincent,Brooks,vincent.brooks3580@me.com,2025-12-22
920,Hannah,Carr,hannah.carr145@yahoo.com,2024-12-09
921,Eli,Peterson,eli.peterson3995@gmail.com,2024-10-19
922,Isabella,Newton,isabella.newton1858@aol.com,2024-06-09
923,Jesse,Miller,jesse.miller8469@protonmail.com,2025-11-19
924,Easton,Cole,easton.cole7976@gmail.com,2024-08-30
925,Alexander,Price,alexander.price8420@yahoo.com,2023-07-16
926,Christine,Floyd,christine.floyd8815@msn.com,2023-01-16
927,Emily,Collins,emily.collins3493@aol.com,2023-08-01
928,Joyce,Tucker,joyce.tucker7131@yahoo.com,2023-11-11
929,Richard,Gibson,richard.gibson5435@gmail.com,2023-06-29
930,Kimberly,Wilson,kimberly.wilson2917@icloud.com,2026-02-16
931,Andrew,Hansen,andrew.hansen3730@icloud.com,2025-04-14
932,Aiden,Hayes,aiden.hayes6627@aol.com,2024-10-09
933,William,Henderson,william.henderson1939@msn.com,2023-01-13
934,Steven,Bates,steven.bates9595@gmail.com,2023-05-29
935,Lori,Kennedy,lori.kennedy1739@icloud.com,2024-09-09
936,Brian,Richardson,brian.richardson7171@aol.com,2025-03-20
937,Jessica,Murray,jessica.murray2562@msn.com,2024-03-26
938,Anna,Erickson,anna.erickson6407@msn.com,2024-08-27
939,Pamela,Bennett,pamela.bennett6114@gmail.com,2026-02-07
940,Larry,Young,larry.young685@gmail.com,2026-03-18
941,Mia,Tucker,mia.tucker8971@yahoo.com,2024-09-16
942,Victoria,Erickson,victoria.erickson5634@outlook.com,2025-04-25
943,Harrison,Torres,harrison.torres2638@hotmail.com,2024-03-28
944,Andrea,Roberts,andrea.roberts1878@hotmail.com,2026-03-07
945,Margaret,Alexander,margaret.alexander8993@live.com,2026-01-30
946,Kimberly,Watson,kimberly.watson1104@icloud.com,2023-07-21
947,Diane,Doyle,diane.doyle9513@live.com,2024-11-08
948,Harry,Allen,harry.allen3843@yahoo.com,2024-08-06
949,Dorothy,Roberts,dorothy.roberts5207@live.com,2025-07-11
950,Alan,Ryan,alan.ryan5009@me.com,2023-11-09
951,Bobby,Morton,bobby.morton5183@aol.com,2023-12-12
952,John,Cruz,john.cruz4034@outlook.com,2025-06-12
953,Jean,Sparks,jean.sparks5890@hotmail.com,2024-11-10
954,Lillian,Bryant,lillian.bryant7297@protonmail.com,2024-09-17
955,Aubrey,Vasquez,aubrey.vasquez1784@hotmail.com,2023-06-17
956,Kathryn,Fritz,kathryn.fritz2294@msn.com,2024-02-07
957,Christian,Johnston,christian.johnston1253@yahoo.com,2023-02-08
958,Leah,Fleming,leah.fleming512@me.com,2026-03-31
959,Evelyn,Schultz,evelyn.schultz9668@outlook.com,2023-03-17
960,Hannah,Burns,hannah.burns8843@live.com,2023-11-01
961,Emma,Coleman,emma.coleman3659@me.com,2024-08-18
962,Jonathan,Bryant,jonathan.bryant8211@msn.com,2023-07-05
963,Amelia,Jenkins,amelia.jenkins8228@gmail.com,2024-05-04
964,Gregory,Bates,gregory.bates8424@hotmail.com,2025-07-02
965,Samantha,Rivera,samantha.rivera9280@me.com,2023-10-27
966,Addison,Russell,addison.russell663@outlook.com,2025-09-25
967,Arthur,Taylor,arthur.taylor4332@protonmail.com,2024-04-24
968,Lisa,Little,lisa.little3388@msn.com,2025-01-09
969,Aiden,Stevens,aiden.stevens7449@gmail.com,2023-03-23
970,Amber,Clark,amber.clark8543@icloud.com,2024-06-23
971,Rachel,Butler,rachel.butler6202@protonmail.com,2023-06-09
972,Jordan,Bailey,jordan.bailey6166@outlook.com,2025-11-23
973,Evelyn,Sullivan,evelyn.sullivan5654@live.com,2025-09-14
974,Patricia,Kennedy,patricia.kennedy2277@live.com,2023-12-06
975,Evelyn,Martin,evelyn.martin8431@icloud.com,2024-03-09
976,Scott,Mitchell,scott.mitchell2579@protonmail.com,2023-08-31
977,Evelyn,Graham,evelyn.graham5411@yahoo.com,2025-09-13
978,Lillian,Ford,lillian.ford3453@me.com,2023-11-27
979,Sebastian,Garcia,sebastian.garcia3993@gmail.com,2023-09-19
980,Raymond,Wright,raymond.wright8400@gmail.com,2026-03-18
981,Emma,Anderson,emma.anderson2726@icloud.com,2024-01-04
982,Jordan,Jordan,jordan.jordan9820@me.com,2023-02-08
983,Alice,Perez,alice.perez3549@live.com,2025-08-23
984,Landon,Baker,landon.baker3595@aol.com,2023-10-20
985,Janet,Herrera,janet.herrera8370@icloud.com,2023-12-10
986,Diana,Chavez,diana.chavez9774@me.com,2023-05-21
987,Evelyn,Butler,evelyn.butler6316@hotmail.com,2023-08-11
988,William,Phillips,william.phillips8565@msn.com,2025-05-09
989,Scott,Garza,scott.garza1578@hotmail.com,2025-09-01
990,Karen,Baldwin,karen.baldwin8707@msn.com,2023-08-29
991,Melissa,Marshall,melissa.marshall2136@me.com,2026-01-09
992,James,Obrien,james.obrien7070@msn.com,2025-05-11
993,Kayla,Lopez,kayla.lopez8681@aol.com,2024-04-14
994,Landon,Garner,landon.garner6247@protonmail.com,2026-03-25
995,Ronald,Gonzales,ronald.gonzales2194@icloud.com,2025-09-04
996,Olivia,Perez,olivia.perez4642@me.com,2026-01-18
997,Abigail,Bell,abigail.bell3097@gmail.com,2023-01-15
998,Savannah,Walker,savannah.walker8516@gmail.com,2025-02-07
999,Joyce,Carlson,joyce.carlson5176@aol.com,2025-01-11
1000,Jason,Flores,jason.flores6981@me.com,2024-06-03
