message_id,client_id,freelancer_id,message,sent_at
1,239,275,Can you sync the cuts to the beat?,2024-12-04 00:51:00
2,944,510,Please include a highlight reel at the start.,2024-05-10 17:42:23
3,814,175,I want a cinematic black bar effect.,2024-07-11 13:02:02
4,581,158,Please make the reels more dynamic.,2024-10-12 05:37:24
5,83,908,I need vertical and horizontal versions.,2024-06-26 22:27:47
6,556,86,Can you add motion blur effects?,2025-07-28 12:37:05
7,138,29,Can you add a split screen effect?,2024-07-27 09:02:45
8,587,743,I want a cinematic black bar effect.,2023-08-23 18:18:33
9,607,293,I need the video by Friday please.,2023-04-22 03:35:38
10,331,947,I need the audio levels balanced out.,2024-09-30 01:01:24
11,224,44,Can you add motion blur effects?,2025-07-08 01:27:06
12,326,324,Please add reaction zoom effects.,2025-10-30 03:03:04
13,718,596,I need vertical and horizontal versions.,2023-12-28 15:38:07
14,447,251,Can you add lower thirds with my name?,2025-11-04 14:49:42
15,738,832,Can you add motion blur effects?,2025-09-30 11:24:07
16,419,177,Please export with captions burned in.,2026-01-28 00:56:58
17,304,681,Please add reaction zoom effects.,2023-10-07 18:36:48
18,44,442,Please export in 4K resolution.,2023-04-29 09:24:10
19,344,680,I want the video to be under 60 seconds.,2025-08-26 21:51:12
20,527,28,Can you add a split screen effect?,2025-11-05 07:32:08
21,565,348,Can you add background music to the edit?,2023-10-30 12:40:10
22,210,742,Can you add background music to the edit?,2023-12-13 19:21:30
23,671,552,Please add reaction zoom effects.,2023-03-05 03:59:31
24,45,280,Please sync everything to the drum hits.,2025-04-10 13:05:41
25,873,872,Can you speed ramp the action scenes?,2025-12-30 12:54:33
26,877,161,Please add a custom intro animation.,2025-09-25 05:08:53
27,86,182,Can you add motion blur effects?,2023-05-27 22:02:27
28,973,849,Can you sync the cuts to the beat?,2023-04-29 19:31:51
29,382,768,Please remove the background noise.,2025-03-05 16:56:58
30,679,934,I need the video by Friday please.,2026-01-10 04:31:53
31,382,552,Can you add motion blur effects?,2024-11-07 18:23:16
32,557,428,I want upbeat music for the montage.,2025-02-15 06:50:29
33,412,306,Can you add subtitles to my video?,2023-06-11 20:41:59
34,782,597,I need the video by Friday please.,2025-04-04 23:05:10
35,335,269,Can you add a progress bar animation?,2025-04-14 21:31:31
36,60,399,I need a square format version too.,2024-04-20 01:23:46
37,769,137,I need a short teaser version as well.,2023-01-02 19:47:28
38,44,814,Please export in 4K resolution.,2023-10-04 07:41:44
39,584,951,Can you add animated charts and graphs?,2025-02-12 16:22:25
40,453,654,Please make the intro more impactful.,2025-01-16 16:09:32
41,251,852,Can you add my logo watermark?,2025-03-20 08:07:19
42,336,795,Can you add chapter markers in the edit?,2024-08-25 15:07:46
43,654,412,Please remove the background noise.,2024-09-12 14:49:33
44,767,319,I need the audio levels balanced out.,2026-03-04 04:52:40
45,122,611,Please use the song I sent you.,2026-01-30 08:53:46
46,133,223,Please remove the background noise.,2025-10-20 06:48:31
47,185,115,Please export with captions burned in.,2023-08-08 05:28:53
48,733,953,Please use the song I sent you.,2023-08-14 07:40:30
49,184,77,Please add text overlays with key points.,2023-10-12 15:32:41
50,18,313,Can you color match all the clips?,2023-04-10 16:44:42
51,47,292,I want a cinematic black bar effect.,2025-08-08 15:06:19
52,260,545,I need captions in English and Spanish.,2023-06-25 12:17:31
53,289,751,I need this for a pitch to investors.,2025-03-05 06:26:22
54,940,902,Please sync everything to the drum hits.,2026-04-15 08:21:02
55,883,717,I need the video by Friday please.,2023-05-21 05:13:04
56,483,884,Please export with captions burned in.,2024-11-24 23:13:48
57,158,846,Please add reaction zoom effects.,2024-09-23 10:08:42
58,603,625,Can you add a blurred background to interviews?,2025-08-10 13:02:18
59,285,590,Can you color match all the clips?,2025-03-29 18:14:26
60,99,668,I want a cinematic black bar effect.,2025-03-09 07:38:57
61,716,204,I need the video by Friday please.,2026-02-16 16:03:11
62,563,21,Can you color grade this footage?,2023-12-08 01:35:38
63,897,443,Please use the song I sent you.,2024-09-28 23:14:49
64,22,756,Can you color match all the clips?,2026-03-03 20:18:45
65,173,724,Can you add subtitles to my video?,2023-04-08 05:59:30
66,6,357,Please add text overlays with key points.,2026-03-08 07:18:09
67,166,553,Please use jump cuts for more energy.,2023-10-28 18:10:06
68,558,406,Please add text overlays with key points.,2023-05-31 00:36:17
69,4,330,I want the gaming footage to look more cinematic.,2023-03-14 10:24:41
70,335,830,Can you sync the cuts to the beat?,2024-02-25 00:01:34
71,251,908,Please make the intro more impactful.,2024-01-01 07:19:17
72,564,727,Can you add subtitles to my video?,2024-07-06 05:43:33
73,567,706,I want a cinematic black bar effect.,2024-10-11 13:33:14
74,863,830,Please export with captions burned in.,2023-09-23 20:12:49
75,676,798,Please sync everything to the drum hits.,2026-04-07 07:15:17
76,627,64,Can you color grade this footage?,2024-12-02 02:17:47
77,408,547,Can you color match all the clips?,2024-11-02 17:25:04
78,168,843,Can you add lower thirds with my name?,2026-03-21 04:24:17
79,447,956,Please add a smooth color grade.,2023-12-20 04:20:02
80,182,865,Can you add a progress bar animation?,2023-11-18 14:24:10
81,904,894,Can you add animated charts and graphs?,2025-08-05 00:35:33
82,915,395,I need a short teaser version as well.,2023-11-13 23:57:12
83,220,835,Please include a highlight reel at the start.,2024-09-25 09:02:17
84,922,765,How long will the delivery take?,2025-02-24 20:18:12
85,345,651,I need the video by Friday please.,2025-09-07 17:20:07
86,987,556,Please add reaction zoom effects.,2026-04-08 07:45:34
87,413,182,I need vertical and horizontal versions.,2024-12-07 22:59:56
88,108,254,Please use the song I sent you.,2025-05-08 01:38:35
89,313,989,I need the audio levels balanced out.,2023-06-19 03:08:40
90,1,997,Please add a custom intro animation.,2023-10-23 06:56:17
91,159,680,Can you add animated charts and graphs?,2023-09-01 23:50:22
92,206,922,Can you speed ramp the action scenes?,2026-01-18 23:49:46
93,624,157,Can you add background music to the edit?,2025-11-11 20:15:41
94,554,870,Can you add animated charts and graphs?,2026-02-10 01:00:13
95,995,230,I want a dreamy aesthetic for this vlog.,2023-10-18 13:42:44
96,473,755,Can you add a blurred background to interviews?,2026-02-05 17:50:45
97,877,65,Please make the intro more impactful.,2025-01-11 03:01:44
98,334,726,Please add reaction zoom effects.,2026-02-18 02:37:37
99,964,718,Please make the reels more dynamic.,2024-09-23 03:02:13
100,976,918,Please include a highlight reel at the start.,2025-02-05 04:40:58
101,395,98,Can you add a split screen effect?,2023-03-09 19:53:13
102,433,774,I want the gaming footage to look more cinematic.,2026-01-29 00:30:17
103,380,846,I need the logo animated in 3D.,2023-09-17 20:00:23
104,7,651,I want upbeat music for the montage.,2025-03-23 05:40:49
105,103,877,Can you add a split screen effect?,2024-02-19 04:09:02
106,254,789,Please add a custom intro animation.,2025-08-23 06:53:34
107,131,479,Can you add a blurred background to interviews?,2024-11-21 23:41:27
108,980,420,I need the video by Friday please.,2024-12-16 22:03:52
109,941,516,Can you color match all the clips?,2023-06-22 06:02:21
110,361,994,I need the logo animated in 3D.,2024-10-13 05:25:27
111,594,874,I want upbeat music for the montage.,2025-09-26 14:09:15
112,253,555,Can you color match all the clips?,2024-04-09 16:07:10
113,359,677,I need this for a pitch to investors.,2023-10-05 03:35:38
114,753,692,Please make the reels more dynamic.,2026-01-17 21:30:58
115,842,750,Can you add motion blur effects?,2025-12-26 01:38:12
116,401,386,Can you make the transitions smoother?,2025-12-17 10:11:39
117,977,842,I need vertical and horizontal versions.,2025-04-09 15:59:19
118,394,783,I want a cinematic black bar effect.,2025-08-08 11:25:34
119,891,363,Please sync everything to the drum hits.,2023-05-27 16:03:36
120,142,332,I want a vintage film look for this video.,2023-11-14 10:53:29
121,316,632,Can you add animated charts and graphs?,2025-07-10 19:13:37
122,580,913,I want a cinematic black bar effect.,2024-06-17 19:56:45
123,334,229,Can you add a blurred background to interviews?,2024-02-29 03:47:30
124,688,446,I want the gaming footage to look more cinematic.,2025-09-16 01:01:15
125,10,783,I want a vintage film look for this video.,2026-02-21 01:07:32
126,306,908,Please brighten the footage a bit more.,2025-06-19 07:02:47
127,883,623,Please make the reels more dynamic.,2024-11-22 16:44:02
128,275,643,Please include a highlight reel at the start.,2023-08-11 00:57:51
129,784,633,Can you add particle effects?,2024-10-19 12:29:52
130,605,312,Please add a custom intro animation.,2026-04-02 21:30:05
131,449,588,Please export with captions burned in.,2024-09-08 01:16:13
132,497,23,Can you add a progress bar animation?,2023-01-07 07:26:07
133,567,801,Can you add a blurred background to interviews?,2024-12-11 16:47:43
134,315,703,I need a short teaser version as well.,2025-02-12 23:55:25
135,262,573,I want a dreamy aesthetic for this vlog.,2025-12-01 08:25:17
136,633,872,Please sync everything to the drum hits.,2024-03-17 20:44:12
137,416,283,Please add a custom intro animation.,2025-03-02 03:05:34
138,199,822,Can you add a blurred background to interviews?,2025-02-22 09:01:48
139,868,310,I need the video by Friday please.,2024-09-30 17:27:23
140,474,249,Please remove the background noise.,2024-12-13 07:59:15
141,532,967,I want the gaming footage to look more cinematic.,2024-06-17 17:29:19
142,212,409,I want neon glow effects for the gaming edit.,2025-06-22 16:49:20
143,550,828,I want upbeat music for the montage.,2023-06-16 06:27:27
144,390,300,I need the audio levels balanced out.,2025-06-26 23:31:59
145,547,29,I want the video to be under 60 seconds.,2024-03-26 20:34:16
146,324,11,Can you add a blurred background to interviews?,2023-09-17 05:43:56
147,679,656,Can you add animated charts and graphs?,2024-09-05 03:58:09
148,897,11,Can you add my logo watermark?,2023-09-23 19:39:51
149,122,856,I want more slow motion effects.,2023-09-13 03:20:50
150,409,143,Can you add lower thirds with my name?,2023-03-03 01:10:35
151,407,410,Please remove the background noise.,2025-05-09 04:44:47
152,617,924,Can you color grade this footage?,2023-01-29 10:00:12
153,861,558,Can you sync the cuts to the beat?,2024-02-25 15:11:31
154,548,854,I want the video to be under 60 seconds.,2024-07-11 08:25:51
155,533,107,I need the audio levels balanced out.,2023-12-11 07:51:50
156,1,570,I want upbeat music for the montage.,2025-06-09 15:59:56
157,569,195,Please add a smooth zoom effect on key moments.,2023-03-06 06:08:46
158,338,495,I need a square format version too.,2025-11-02 02:30:48
159,835,554,Can you add a progress bar animation?,2024-01-04 10:33:12
160,634,610,Can you add chapter markers in the edit?,2025-01-06 05:48:57
161,269,854,Can you add chapter markers in the edit?,2023-06-14 23:27:21
162,567,356,Can you add particle effects?,2024-01-03 19:41:08
163,15,153,I want a vintage film look for this video.,2024-07-29 23:24:13
164,938,14,Can you color grade this footage?,2023-01-02 07:33:28
165,218,48,I need a short teaser version as well.,2024-06-20 03:18:15
166,738,400,Please add reaction zoom effects.,2025-11-20 20:26:10
167,413,105,I need the logo animated in 3D.,2026-04-24 18:36:26
168,611,365,Can you add a split screen effect?,2023-11-13 03:47:17
169,18,934,I want a dreamy aesthetic for this vlog.,2024-08-25 03:24:52
170,300,100,Can you add a progress bar animation?,2024-02-10 20:59:37
171,786,579,Please add text overlays with key points.,2024-11-12 04:04:23
172,555,681,Please remove the background noise.,2024-11-02 09:52:26
173,460,584,Can you color grade this footage?,2025-02-20 04:17:05
174,780,492,I want neon glow effects for the gaming edit.,2023-01-31 15:13:27
175,670,122,Please make the intro more impactful.,2025-01-03 17:18:58
176,166,425,Can you add a split screen effect?,2023-02-24 13:53:32
177,32,116,I want the gaming footage to look more cinematic.,2026-03-11 14:30:33
178,209,438,Can you make the transitions smoother?,2025-12-04 23:58:09
179,126,49,Can you speed ramp the action scenes?,2024-02-26 21:54:12
180,941,303,I need a square format version too.,2024-01-27 21:39:52
181,135,616,Can you add a blurred background to interviews?,2023-03-09 13:04:05
182,403,496,Can you add a call-to-action at the end?,2025-10-30 18:52:57
183,352,978,Please use the song I sent you.,2025-05-18 03:05:24
184,925,952,I need vertical and horizontal versions.,2024-08-04 16:07:42
185,169,309,I want more slow motion effects.,2024-08-10 06:30:58
186,146,807,I need the audio levels balanced out.,2023-07-16 03:20:10
187,120,332,I want a dreamy aesthetic for this vlog.,2025-08-07 22:14:18
188,612,447,Please include a highlight reel at the start.,2023-08-02 01:00:33
189,323,955,Please use the song I sent you.,2026-04-08 13:31:47
190,183,189,Can you sync the cuts to the beat?,2023-07-14 08:01:11
191,624,9,Please use jump cuts for more energy.,2024-01-02 19:25:51
192,221,955,I want the gaming footage to look more cinematic.,2025-10-03 05:09:25
193,676,302,I want a vintage film look for this video.,2023-02-16 00:05:42
194,265,511,I need a square format version too.,2025-01-16 14:37:18
195,923,399,I need a square format version too.,2025-04-21 00:47:47
196,296,702,Can you add my logo watermark?,2024-08-01 18:47:20
197,612,229,Can you add a blurred background to interviews?,2024-11-10 07:16:39
198,335,175,Can you add background music to the edit?,2023-12-27 08:38:55
199,548,231,Can you add my logo watermark?,2023-01-10 19:40:19
200,501,851,How long will the delivery take?,2023-08-02 10:26:12
201,295,342,I want neon glow effects for the gaming edit.,2024-06-24 11:07:36
202,224,105,I want a cinematic black bar effect.,2025-12-26 02:26:28
203,849,883,Can you add a blurred background to interviews?,2023-03-29 21:07:35
204,4,759,Please add a smooth color grade.,2024-09-04 23:47:33
205,131,675,Can you sync the cuts to the beat?,2023-05-23 07:48:34
206,953,890,Please add a custom intro animation.,2026-01-19 08:35:13
207,798,484,Please add a smooth color grade.,2026-04-25 03:48:12
208,656,147,I want the gaming footage to look more cinematic.,2024-12-21 01:36:50
209,507,161,Please use the song I sent you.,2026-04-15 05:11:33
210,278,549,Can you add a split screen effect?,2025-04-27 20:36:53
211,750,253,Please export with captions burned in.,2024-06-22 14:38:40
212,570,329,Please add a smooth slow-mo at the climax.,2025-11-15 01:48:16
213,329,568,Can you add my logo watermark?,2023-09-23 22:11:36
214,186,599,Please add a smooth zoom effect on key moments.,2024-04-19 13:26:01
215,175,698,I want a dreamy aesthetic for this vlog.,2023-08-06 17:27:25
216,730,880,Can you add my logo watermark?,2023-06-07 20:35:00
217,416,119,Can you add animated charts and graphs?,2024-05-24 09:14:00
218,501,378,Please export with captions burned in.,2023-05-11 20:59:31
219,460,69,Can you color grade this footage?,2024-06-06 06:32:58
220,939,54,Please make the intro more impactful.,2025-09-16 11:05:32
221,49,372,I need a square format version too.,2025-07-20 07:00:51
222,95,265,I want a vintage film look for this video.,2024-12-06 18:22:26
223,315,276,Please include a highlight reel at the start.,2023-12-25 02:59:31
224,784,375,I want the gaming footage to look more cinematic.,2023-12-01 01:13:01
225,366,791,Can you add motion blur effects?,2024-04-07 13:57:24
226,449,895,Please make the intro more impactful.,2026-02-11 03:29:11
227,762,874,I want neon glow effects for the gaming edit.,2024-04-04 20:05:47
228,115,854,Can you add lower thirds with my name?,2023-07-05 07:43:01
229,365,595,I need a square format version too.,2025-12-27 08:40:46
230,826,585,Can you add lower thirds with my name?,2023-11-07 03:37:02
231,267,297,Can you add a blurred background to interviews?,2023-11-12 22:53:44
232,38,342,Can you speed ramp the action scenes?,2025-01-28 22:16:35
233,523,548,Please make the reels more dynamic.,2023-12-12 13:54:51
234,200,128,Please make the intro more impactful.,2023-12-05 15:10:29
235,432,86,Please add a custom intro animation.,2025-12-05 16:41:52
236,206,246,Can you add a split screen effect?,2025-03-20 22:27:47
237,941,616,Can you sync the cuts to the beat?,2024-10-25 20:20:14
238,959,39,Can you add animated charts and graphs?,2025-01-07 08:11:29
239,519,548,Can you sync the cuts to the beat?,2025-05-15 07:37:11
240,70,362,Can you sync the cuts to the beat?,2025-01-15 20:40:40
241,557,487,Please add text overlays with key points.,2023-01-16 07:30:18
242,293,848,Can you add a progress bar animation?,2024-11-06 18:19:48
243,189,324,I need a short teaser version as well.,2023-04-08 13:42:22
244,321,186,I need the video by Friday please.,2024-11-22 21:09:11
245,709,314,Can you add particle effects?,2024-05-22 20:48:28
246,852,677,I need captions in English and Spanish.,2024-05-23 23:45:32
247,747,232,Please include a highlight reel at the start.,2025-03-06 11:26:41
248,52,104,Can you add animated charts and graphs?,2025-05-27 07:01:10
249,885,110,I want a dreamy aesthetic for this vlog.,2024-10-22 07:46:17
250,703,490,Please add text overlays with key points.,2024-03-30 18:35:00
251,286,891,Please export in 4K resolution.,2025-02-10 17:14:55
252,90,753,Please include a highlight reel at the start.,2024-11-19 00:47:39
253,761,388,I want a cinematic black bar effect.,2025-07-09 17:37:23
254,829,408,I need the logo animated in 3D.,2023-04-12 18:43:28
255,318,230,I need captions in English and Spanish.,2024-09-07 13:57:18
256,140,602,Can you add a blurred background to interviews?,2025-06-13 11:36:58
257,264,910,Please export in 4K resolution.,2025-09-04 14:44:01
258,813,441,I want the video to be under 60 seconds.,2024-06-14 18:22:01
259,54,625,I need the logo animated in 3D.,2025-06-12 17:51:44
260,600,810,Please make the reels more dynamic.,2025-12-07 10:11:22
261,38,115,Can you color grade this footage?,2025-04-07 04:18:50
262,610,568,Please use jump cuts for more energy.,2025-01-15 12:09:37
263,234,592,Please make the reels more dynamic.,2025-04-05 15:59:26
264,928,240,I need a short teaser version as well.,2026-01-06 12:35:53
265,349,168,Can you add background music to the edit?,2025-12-30 09:09:13
266,88,554,Can you add a blurred background to interviews?,2024-09-28 14:56:53
267,680,535,Please remove the background noise.,2024-03-22 22:23:53
268,175,667,Please remove the background noise.,2024-08-28 23:07:31
269,284,754,Can you add animated charts and graphs?,2026-04-21 13:14:05
270,530,305,Please export with captions burned in.,2026-03-13 02:23:16
271,962,923,Please add a smooth zoom effect on key moments.,2025-08-13 19:33:07
272,742,469,I need the logo animated in 3D.,2024-07-30 05:09:03
273,449,175,Can you add a progress bar animation?,2024-07-30 13:28:06
274,844,794,I need this for a pitch to investors.,2024-05-25 18:51:01
275,651,728,Please sync everything to the drum hits.,2024-06-25 18:07:14
276,773,533,Please brighten the footage a bit more.,2025-03-16 12:05:56
277,760,114,I need the logo animated in 3D.,2023-03-22 02:10:24
278,184,147,Please add a custom intro animation.,2024-11-16 13:40:30
279,764,598,Can you add lower thirds with my name?,2026-02-10 02:25:49
280,552,624,Please add a smooth zoom effect on key moments.,2025-10-26 14:34:16
281,867,647,Please add a custom intro animation.,2023-08-03 04:17:57
282,307,542,I want upbeat music for the montage.,2023-10-19 15:40:42
283,655,624,I want a vintage film look for this video.,2023-05-08 15:17:27
284,474,15,Please use jump cuts for more energy.,2026-03-12 08:52:19
285,595,542,I need a square format version too.,2024-02-13 09:52:20
286,948,337,Can you add background music to the edit?,2024-02-18 08:34:16
287,814,949,I need captions in English and Spanish.,2024-10-23 06:04:36
288,509,779,I want a cinematic black bar effect.,2025-03-23 21:32:53
289,401,536,Can you add background music to the edit?,2023-05-10 06:28:15
290,187,744,I need captions in English and Spanish.,2025-09-18 17:38:46
291,31,215,Please make the intro more impactful.,2025-02-20 08:54:12
292,350,771,Please use the song I sent you.,2025-04-13 13:32:56
293,117,794,How long will the delivery take?,2025-06-17 09:57:35
294,252,625,I need this for a pitch to investors.,2025-04-17 06:49:24
295,82,282,Please use jump cuts for more energy.,2025-06-14 19:09:24
296,12,909,Please make the reels more dynamic.,2026-02-20 14:28:37
297,815,633,Please add a smooth zoom effect on key moments.,2026-01-24 00:35:35
298,587,646,I want a cinematic black bar effect.,2023-06-14 00:20:04
299,456,480,Please sync everything to the drum hits.,2023-03-15 08:03:58
300,380,324,Can you add motion blur effects?,2025-05-20 16:31:45
301,883,436,Please use the song I sent you.,2025-06-28 09:52:44
302,213,227,Can you make the transitions smoother?,2023-05-20 06:12:07
303,644,849,Please add a smooth zoom effect on key moments.,2024-05-01 16:30:16
304,763,517,I want upbeat music for the montage.,2026-03-12 18:00:52
305,22,773,I want neon glow effects for the gaming edit.,2024-12-23 04:30:19
306,985,767,Can you add subtitles to my video?,2026-04-09 15:01:24
307,857,685,Can you add my logo watermark?,2023-10-31 12:03:00
308,130,690,I need vertical and horizontal versions.,2023-02-01 08:43:44
309,765,763,I need the video by Friday please.,2023-07-09 15:17:24
310,590,247,I need the logo animated in 3D.,2023-05-05 07:54:49
311,11,255,I want upbeat music for the montage.,2023-07-15 12:34:47
312,874,588,Please include a highlight reel at the start.,2024-04-22 19:43:29
313,138,662,Can you add my logo watermark?,2024-06-27 08:36:22
314,125,250,I want neon glow effects for the gaming edit.,2024-10-25 00:29:57
315,44,588,Can you color grade this footage?,2025-12-08 08:12:46
316,544,336,I want upbeat music for the montage.,2023-06-07 07:57:04
317,877,515,Please add a smooth slow-mo at the climax.,2023-07-11 10:24:14
318,44,291,Can you add my logo watermark?,2023-04-06 02:06:56
319,901,139,I need a square format version too.,2023-11-26 22:32:50
320,732,473,I need captions in English and Spanish.,2024-09-14 10:15:55
321,72,928,Please use jump cuts for more energy.,2025-12-19 08:00:30
322,815,806,Please make the intro more impactful.,2025-02-10 03:16:47
323,211,389,Please add reaction zoom effects.,2024-09-16 21:46:15
324,144,937,I want a vintage film look for this video.,2023-05-03 20:20:01
325,223,707,I want a dreamy aesthetic for this vlog.,2025-03-03 01:23:24
326,738,614,I need vertical and horizontal versions.,2025-06-02 05:37:17
327,252,215,I want a dreamy aesthetic for this vlog.,2024-01-12 06:12:30
328,818,634,Can you color grade this footage?,2025-12-30 10:44:53
329,8,642,Please use jump cuts for more energy.,2025-04-26 06:23:42
330,330,999,Please add reaction zoom effects.,2024-10-30 15:05:09
331,93,376,I want the gaming footage to look more cinematic.,2024-03-29 18:46:30
332,462,682,Please add a smooth color grade.,2023-05-14 20:22:54
333,667,343,Please export in 4K resolution.,2024-08-06 18:23:51
334,246,599,I need this for a pitch to investors.,2025-06-01 20:17:47
335,191,366,I want a dreamy aesthetic for this vlog.,2023-06-30 01:14:31
336,104,389,Please remove the background noise.,2024-01-18 15:14:53
337,403,980,I need a short teaser version as well.,2025-08-11 06:51:43
338,44,676,Please brighten the footage a bit more.,2025-02-28 13:46:43
339,933,246,Please include a highlight reel at the start.,2025-01-25 13:19:23
340,187,468,Please make the reels more dynamic.,2023-09-04 09:52:35
341,558,609,Can you add particle effects?,2026-04-04 19:42:45
342,666,388,Can you add particle effects?,2023-01-08 14:42:22
343,352,937,Please add a smooth color grade.,2024-04-03 13:50:52
344,182,534,How long will the delivery take?,2024-08-10 02:05:10
345,827,262,I want the video to be under 60 seconds.,2023-04-18 00:52:27
346,837,722,I need a short teaser version as well.,2024-10-02 16:15:10
347,79,36,Can you add background music to the edit?,2025-08-26 19:58:09
348,714,473,Can you add my logo watermark?,2025-09-13 03:49:34
349,914,210,Please use jump cuts for more energy.,2025-04-12 01:39:04
350,894,838,I want the gaming footage to look more cinematic.,2024-04-10 18:23:08
351,420,849,I want the video to be under 60 seconds.,2023-03-08 21:42:05
352,999,383,I need the video by Friday please.,2023-02-28 13:06:36
353,194,686,Can you add a progress bar animation?,2025-04-29 20:31:41
354,2,139,I need this for a pitch to investors.,2023-11-29 18:14:43
355,9,271,Can you add motion blur effects?,2025-01-26 06:00:05
356,430,214,Please use the song I sent you.,2023-07-28 23:50:46
357,957,878,Can you add animated charts and graphs?,2023-06-09 11:33:37
358,270,649,I want the video to be under 60 seconds.,2025-11-17 03:13:14
359,278,465,I need the video by Friday please.,2025-04-01 21:38:54
360,774,593,Can you speed ramp the action scenes?,2025-07-08 22:31:38
361,325,814,I need captions in English and Spanish.,2023-02-03 21:35:41
362,590,422,Please sync everything to the drum hits.,2023-03-12 02:07:39
363,429,508,I need vertical and horizontal versions.,2024-02-09 10:15:52
364,712,775,Please add a smooth zoom effect on key moments.,2025-07-31 23:35:50
365,642,989,Can you color match all the clips?,2023-01-06 21:59:09
366,584,178,Can you sync the cuts to the beat?,2025-02-24 20:14:01
367,550,782,Can you add a call-to-action at the end?,2025-08-11 15:07:48
368,522,466,Please add reaction zoom effects.,2024-02-24 04:15:08
369,893,328,Please add reaction zoom effects.,2024-06-28 23:30:06
370,115,877,Please add a smooth slow-mo at the climax.,2024-01-04 16:49:40
371,852,852,I need the audio levels balanced out.,2024-05-25 21:00:27
372,551,767,Can you add lower thirds with my name?,2023-07-31 06:25:24
373,867,503,I need the video by Friday please.,2024-12-05 20:10:51
374,273,910,Please add text overlays with key points.,2023-02-03 09:06:51
375,658,992,Please use the song I sent you.,2025-05-09 01:43:15
376,983,574,I need the video by Friday please.,2023-06-14 11:13:41
377,776,393,Can you add a call-to-action at the end?,2026-04-20 06:41:17
378,739,785,I want more slow motion effects.,2023-11-12 19:55:59
379,313,970,I need captions in English and Spanish.,2025-07-06 20:56:21
380,516,779,Please make the intro more impactful.,2023-04-12 07:35:26
381,520,506,I need captions in English and Spanish.,2025-05-02 04:57:56
382,482,454,Can you add a split screen effect?,2026-03-07 09:34:20
383,368,985,Can you add animated charts and graphs?,2023-12-12 21:20:21
384,750,240,I need captions in English and Spanish.,2024-09-21 00:25:14
385,291,780,Please include a highlight reel at the start.,2024-11-29 14:50:25
386,15,850,I want the video to be under 60 seconds.,2023-05-27 19:30:04
387,239,735,Can you add subtitles to my video?,2025-07-29 05:37:57
388,13,638,I need the video by Friday please.,2024-06-26 15:38:17
389,198,525,I want the gaming footage to look more cinematic.,2024-10-13 10:20:29
390,993,24,Can you sync the cuts to the beat?,2025-04-26 21:14:59
391,131,406,Please brighten the footage a bit more.,2024-06-25 23:45:47
392,271,807,I want a cinematic black bar effect.,2023-03-03 17:23:00
393,947,269,Please add a custom intro animation.,2025-10-15 03:57:13
394,868,175,Can you speed ramp the action scenes?,2023-05-13 08:45:02
395,626,36,I want neon glow effects for the gaming edit.,2025-10-10 18:13:23
396,365,462,Can you add lower thirds with my name?,2023-07-28 10:02:13
397,8,275,Please add reaction zoom effects.,2024-03-10 12:27:30
398,68,21,Can you color grade this footage?,2026-01-04 01:09:50
399,707,507,Can you color match all the clips?,2025-07-08 07:08:48
400,859,722,Can you add a call-to-action at the end?,2023-06-05 05:15:49
401,579,221,I want a cinematic black bar effect.,2024-02-25 21:16:11
402,381,800,Please add a smooth color grade.,2025-05-06 00:44:25
403,659,78,Can you color grade this footage?,2025-08-23 14:52:49
404,495,732,Please export with captions burned in.,2024-04-26 05:28:16
405,102,978,I want the gaming footage to look more cinematic.,2023-08-13 17:13:12
406,148,769,Can you add a call-to-action at the end?,2025-04-25 09:16:23
407,975,477,Please make the reels more dynamic.,2025-07-01 19:10:38
408,748,754,Can you add a progress bar animation?,2025-01-07 16:57:34
409,155,763,Please export in 4K resolution.,2024-02-02 15:23:54
410,887,956,Please sync everything to the drum hits.,2024-09-24 09:21:22
411,210,188,Can you sync the cuts to the beat?,2024-08-03 01:41:32
412,81,508,I need a square format version too.,2023-08-13 06:24:58
413,190,297,Can you add subtitles to my video?,2024-02-17 00:27:54
414,853,912,Can you color match all the clips?,2025-09-30 08:55:31
415,690,220,Can you sync the cuts to the beat?,2024-10-13 13:30:21
416,103,111,I want upbeat music for the montage.,2025-08-24 08:30:29
417,53,37,Please add text overlays with key points.,2024-04-19 21:04:25
418,392,539,Please use the song I sent you.,2023-06-04 11:04:08
419,705,391,I need captions in English and Spanish.,2023-03-20 09:50:52
420,487,13,Can you add motion blur effects?,2025-04-28 18:08:49
421,409,460,Can you color match all the clips?,2025-10-11 10:03:46
422,174,58,Can you add motion blur effects?,2026-04-25 12:34:06
423,36,33,Can you add a blurred background to interviews?,2024-06-05 01:57:03
424,799,812,Please add a smooth color grade.,2024-08-30 14:41:34
425,915,822,Can you add particle effects?,2026-01-26 01:17:46
426,139,72,Please sync everything to the drum hits.,2024-07-14 04:20:57
427,202,420,I want upbeat music for the montage.,2025-06-25 14:26:41
428,32,11,Please use jump cuts for more energy.,2024-12-23 10:43:39
429,488,620,Can you add my logo watermark?,2023-02-16 23:24:56
430,62,99,I need this for a pitch to investors.,2024-01-14 10:25:25
431,140,342,Please sync everything to the drum hits.,2023-01-20 11:28:54
432,27,818,Can you add lower thirds with my name?,2023-12-03 04:04:06
433,631,473,How long will the delivery take?,2023-10-22 17:18:59
434,771,798,I want more slow motion effects.,2025-10-13 19:52:48
435,463,176,I want a cinematic black bar effect.,2023-05-26 14:50:04
436,112,210,I want upbeat music for the montage.,2024-08-14 16:34:59
437,580,43,Can you add chapter markers in the edit?,2025-03-02 12:40:48
438,484,906,Please add a custom intro animation.,2025-10-14 23:22:31
439,400,508,Can you add motion blur effects?,2023-10-16 17:04:53
440,123,26,I want the video to be under 60 seconds.,2024-05-06 13:17:17
441,892,945,Please add a smooth slow-mo at the climax.,2026-04-16 21:12:00
442,287,762,Can you add particle effects?,2023-06-24 02:59:22
443,508,114,Please sync everything to the drum hits.,2023-09-18 01:03:59
444,561,828,Please add a custom intro animation.,2025-01-06 14:32:47
445,855,7,Can you add lower thirds with my name?,2024-02-04 07:30:53
446,314,251,Can you add particle effects?,2023-03-25 21:34:11
447,149,845,Can you speed ramp the action scenes?,2026-03-26 07:03:21
448,309,301,Please brighten the footage a bit more.,2023-10-13 15:36:24
449,370,148,How long will the delivery take?,2025-10-03 21:10:12
450,407,16,Can you add motion blur effects?,2024-06-16 02:39:36
451,186,220,I need the logo animated in 3D.,2024-02-24 13:47:05
452,774,85,Can you add motion blur effects?,2026-02-12 08:07:43
453,936,959,Please add a smooth zoom effect on key moments.,2026-02-09 00:13:53
454,18,598,Can you add a call-to-action at the end?,2024-04-19 06:36:48
455,760,844,I want a vintage film look for this video.,2025-01-07 09:09:49
456,905,185,Please export in 4K resolution.,2025-08-16 20:19:29
457,24,214,I need a short teaser version as well.,2023-10-12 00:59:52
458,431,657,I want the gaming footage to look more cinematic.,2024-07-02 21:21:05
459,324,97,Can you speed ramp the action scenes?,2023-07-23 03:15:22
460,482,419,How long will the delivery take?,2025-10-09 11:23:00
461,477,618,I need a square format version too.,2026-01-24 03:00:20
462,571,25,I need a short teaser version as well.,2023-07-28 09:30:56
463,277,971,I want a dreamy aesthetic for this vlog.,2025-12-11 09:11:17
464,368,599,I want upbeat music for the montage.,2024-06-29 05:06:56
465,115,392,I want more slow motion effects.,2023-07-24 11:26:26
466,109,109,Please sync everything to the drum hits.,2025-11-03 03:01:43
467,114,328,I want upbeat music for the montage.,2025-06-22 13:44:08
468,945,862,How long will the delivery take?,2023-09-23 13:15:29
469,825,441,I want upbeat music for the montage.,2024-09-20 20:42:30
470,776,720,Please remove the background noise.,2026-02-12 05:50:02
471,622,822,I want upbeat music for the montage.,2024-10-04 21:00:57
472,262,491,Can you add a progress bar animation?,2024-10-27 03:30:02
473,811,900,Can you add animated charts and graphs?,2025-11-14 01:51:34
474,432,130,I need captions in English and Spanish.,2024-12-21 12:35:42
475,389,61,Can you add subtitles to my video?,2025-02-16 08:48:12
476,539,276,I need a square format version too.,2024-12-09 23:51:57
477,266,25,Can you add animated charts and graphs?,2026-03-10 04:15:14
478,237,449,Please add a smooth zoom effect on key moments.,2025-05-16 08:44:33
479,1000,91,Please sync everything to the drum hits.,2023-06-20 11:46:40
480,586,34,I need this for a pitch to investors.,2024-03-29 06:44:17
481,635,867,Please sync everything to the drum hits.,2023-07-23 06:13:14
482,88,448,I need a square format version too.,2023-03-10 01:58:36
483,52,414,Please sync everything to the drum hits.,2026-02-19 04:29:45
484,744,783,Please make the intro more impactful.,2026-04-09 05:03:32
485,916,966,Please add text overlays with key points.,2024-09-02 21:31:23
486,623,986,I want neon glow effects for the gaming edit.,2025-08-29 17:53:21
487,131,854,Please add text overlays with key points.,2024-05-21 19:28:44
488,236,286,I want upbeat music for the montage.,2024-02-23 05:37:31
489,523,448,Can you add a call-to-action at the end?,2024-11-28 21:41:57
490,968,974,I want more slow motion effects.,2025-02-22 12:48:29
491,162,121,Can you speed ramp the action scenes?,2025-06-11 03:24:44
492,989,541,Can you add particle effects?,2024-05-10 04:49:11
493,281,443,Can you sync the cuts to the beat?,2023-08-19 07:06:54
494,732,877,Can you add subtitles to my video?,2023-09-19 13:55:36
495,68,171,Please add text overlays with key points.,2026-03-01 06:57:18
496,745,504,I need a short teaser version as well.,2026-02-27 20:01:59
497,152,888,Can you add subtitles to my video?,2024-07-12 10:54:53
498,925,337,Can you add subtitles to my video?,2023-11-20 15:55:18
499,780,224,Can you add subtitles to my video?,2023-04-06 00:44:06
500,22,19,Can you add a progress bar animation?,2025-03-17 13:36:58
501,386,255,Please remove the background noise.,2026-03-01 18:00:22
502,732,413,Can you add lower thirds with my name?,2024-01-08 00:43:57
503,608,114,Please export with captions burned in.,2023-01-08 20:02:51
504,4,529,Please make the intro more impactful.,2025-06-07 11:54:39
505,787,797,Please sync everything to the drum hits.,2023-05-21 02:44:44
506,125,259,I need the video by Friday please.,2024-09-23 08:00:07
507,818,3,Please make the reels more dynamic.,2025-06-19 18:44:02
508,978,877,How long will the delivery take?,2024-08-20 14:34:07
509,582,772,Can you add chapter markers in the edit?,2025-09-02 13:10:14
510,156,841,Please add a smooth color grade.,2023-08-05 01:12:52
511,702,507,Please add text overlays with key points.,2024-12-10 20:44:14
512,760,852,I need the logo animated in 3D.,2025-11-12 04:43:58
513,545,968,I need the audio levels balanced out.,2025-06-15 22:26:41
514,745,471,Can you add chapter markers in the edit?,2026-01-18 03:52:07
515,633,46,Please export in 4K resolution.,2023-01-15 04:03:14
516,555,815,I want neon glow effects for the gaming edit.,2024-06-07 14:14:45
517,308,557,How long will the delivery take?,2025-05-01 00:29:55
518,436,492,I want the video to be under 60 seconds.,2024-08-26 20:37:24
519,251,42,Can you color grade this footage?,2023-02-06 03:39:07
520,944,612,I need the logo animated in 3D.,2025-03-11 10:27:19
521,284,701,Can you speed ramp the action scenes?,2024-01-23 04:55:40
522,445,122,Can you add background music to the edit?,2026-01-28 11:51:37
523,856,251,I want a vintage film look for this video.,2023-05-09 11:08:57
524,952,99,Please make the intro more impactful.,2023-05-13 15:06:19
525,326,95,Please add a smooth zoom effect on key moments.,2025-07-27 19:33:49
526,569,662,Can you make the transitions smoother?,2025-12-14 21:29:15
527,266,338,Can you add animated charts and graphs?,2023-08-09 04:18:30
528,778,588,I need a square format version too.,2023-08-22 11:26:01
529,997,19,Please add text overlays with key points.,2025-09-15 04:53:22
530,267,825,Please add a smooth zoom effect on key moments.,2023-01-20 00:49:12
531,71,372,I need captions in English and Spanish.,2024-05-18 13:25:50
532,781,245,Can you add a call-to-action at the end?,2024-10-03 17:01:08
533,421,31,I want a vintage film look for this video.,2024-05-15 00:02:32
534,385,967,Please sync everything to the drum hits.,2025-08-01 14:24:47
535,612,257,Please remove the background noise.,2025-06-23 10:42:23
536,912,721,Can you add a call-to-action at the end?,2024-09-20 13:56:38
537,443,453,Can you add motion blur effects?,2026-01-17 18:39:59
538,55,98,Can you color grade this footage?,2025-05-05 13:29:11
539,142,274,Can you add a split screen effect?,2026-01-25 09:29:22
540,17,830,Please brighten the footage a bit more.,2026-01-02 14:15:45
541,789,553,How long will the delivery take?,2025-12-06 05:16:49
542,520,156,Please brighten the footage a bit more.,2025-10-11 03:22:20
543,228,526,I want a vintage film look for this video.,2025-07-15 21:46:16
544,945,786,Please remove the background noise.,2023-01-03 02:04:37
545,153,985,I need vertical and horizontal versions.,2023-08-07 23:06:30
546,35,544,I want a dreamy aesthetic for this vlog.,2025-02-17 07:04:10
547,909,72,I need this for a pitch to investors.,2024-02-12 11:02:55
548,706,333,Please brighten the footage a bit more.,2024-12-27 16:14:07
549,233,809,I want a dreamy aesthetic for this vlog.,2025-09-17 03:32:56
550,995,198,Can you add particle effects?,2024-04-29 08:17:05
551,164,974,Can you speed ramp the action scenes?,2024-06-19 09:41:02
552,466,18,Can you add subtitles to my video?,2024-04-03 01:41:34
553,90,164,Please export with captions burned in.,2023-05-28 10:43:05
554,791,574,Please brighten the footage a bit more.,2025-05-07 07:23:34
555,719,340,Can you add background music to the edit?,2025-05-03 02:24:57
556,119,704,Can you add particle effects?,2023-04-19 05:02:01
557,644,181,I want the gaming footage to look more cinematic.,2024-05-23 21:00:49
558,355,579,Please make the reels more dynamic.,2024-03-21 23:05:27
559,682,888,I need vertical and horizontal versions.,2023-06-28 01:58:15
560,905,33,Can you color grade this footage?,2024-12-23 03:20:34
561,617,178,Can you speed ramp the action scenes?,2023-03-28 08:46:05
562,271,437,Can you add particle effects?,2023-02-06 21:19:22
563,56,88,Please brighten the footage a bit more.,2025-05-22 16:23:05
564,249,535,Can you add motion blur effects?,2024-12-13 05:57:46
565,89,31,How long will the delivery take?,2026-01-29 02:32:27
566,901,764,Can you sync the cuts to the beat?,2023-11-08 19:19:28
567,926,131,Please sync everything to the drum hits.,2026-02-16 03:05:16
568,948,643,Please use the song I sent you.,2023-04-17 23:13:32
569,360,92,Please brighten the footage a bit more.,2023-02-15 22:48:32
570,671,927,I want the video to be under 60 seconds.,2025-04-07 07:30:22
571,733,384,Can you add subtitles to my video?,2025-02-12 13:46:53
572,754,440,Please use the song I sent you.,2026-03-13 15:20:40
573,333,230,I need the audio levels balanced out.,2026-02-09 03:30:17
574,936,997,Please add reaction zoom effects.,2024-02-06 23:23:52
575,320,391,I want neon glow effects for the gaming edit.,2023-03-13 19:08:04
576,994,897,I need a square format version too.,2025-10-14 23:35:01
577,182,916,Can you add motion blur effects?,2024-11-14 13:09:22
578,430,225,I want the gaming footage to look more cinematic.,2024-04-11 03:03:36
579,393,846,Please make the reels more dynamic.,2023-06-16 15:53:36
580,637,91,Please use jump cuts for more energy.,2024-01-03 21:00:22
581,8,375,I need this for a pitch to investors.,2026-01-22 12:55:03
582,762,818,I want the gaming footage to look more cinematic.,2023-11-15 17:22:52
583,988,750,I need a square format version too.,2025-02-03 08:18:26
584,866,153,I want the video to be under 60 seconds.,2024-01-01 04:54:11
585,359,572,Can you add particle effects?,2023-05-10 09:13:44
586,503,420,I want upbeat music for the montage.,2023-09-20 23:38:41
587,168,963,Can you add my logo watermark?,2026-03-22 01:52:18
588,104,768,I need a short teaser version as well.,2023-07-16 09:43:59
589,846,470,Please add a smooth zoom effect on key moments.,2023-10-13 00:54:29
590,404,464,Can you add subtitles to my video?,2025-03-02 15:21:32
591,402,868,Can you add particle effects?,2025-12-29 07:49:29
592,829,397,I want a dreamy aesthetic for this vlog.,2025-12-21 20:46:42
593,802,410,Can you add motion blur effects?,2023-07-22 07:34:19
594,283,79,Please export with captions burned in.,2024-11-17 20:20:12
595,906,419,I want upbeat music for the montage.,2024-11-17 22:52:25
596,523,877,Can you add a call-to-action at the end?,2025-08-26 23:27:15
597,301,485,Can you add lower thirds with my name?,2023-05-06 09:59:17
598,679,164,I need the logo animated in 3D.,2023-04-04 16:17:59
599,655,213,Can you make the transitions smoother?,2023-01-24 16:54:30
600,38,423,Can you add background music to the edit?,2025-03-03 23:52:03
601,311,513,Please sync everything to the drum hits.,2025-01-21 05:26:15
602,309,997,Can you add motion blur effects?,2023-07-15 08:59:42
603,241,321,Can you add a call-to-action at the end?,2023-11-22 17:47:24
604,315,55,I need a square format version too.,2026-02-02 05:24:42
605,430,900,Can you add chapter markers in the edit?,2026-03-17 11:25:48
606,388,561,Can you add motion blur effects?,2023-06-21 22:21:12
607,155,89,Please use jump cuts for more energy.,2025-09-17 04:28:16
608,444,864,I want the video to be under 60 seconds.,2025-07-28 13:10:05
609,756,770,I want a dreamy aesthetic for this vlog.,2023-09-12 12:27:17
610,366,263,Please sync everything to the drum hits.,2023-09-25 15:08:34
611,18,994,I need vertical and horizontal versions.,2025-10-22 11:46:48
612,708,284,Please remove the background noise.,2025-09-25 21:59:43
613,839,91,I need the audio levels balanced out.,2023-07-12 12:47:40
614,104,687,Please add a smooth slow-mo at the climax.,2025-08-09 18:07:50
615,505,793,Please add text overlays with key points.,2025-04-29 14:31:37
616,564,83,Please make the intro more impactful.,2023-08-17 07:18:02
617,475,256,Can you add subtitles to my video?,2025-11-05 02:34:26
618,440,240,I need a square format version too.,2023-12-17 09:33:23
619,346,694,I need the logo animated in 3D.,2024-03-22 22:47:05
620,513,896,Can you add animated charts and graphs?,2023-10-06 01:01:56
621,742,67,Please make the intro more impactful.,2025-03-14 04:20:29
622,284,601,Can you add particle effects?,2025-04-14 06:51:31
623,24,415,I need vertical and horizontal versions.,2024-02-08 17:12:46
624,887,793,Please make the reels more dynamic.,2024-06-23 20:54:17
625,868,101,Can you add background music to the edit?,2023-03-10 06:50:05
626,187,94,I want a cinematic black bar effect.,2024-07-30 18:29:27
627,319,201,Please add a smooth zoom effect on key moments.,2026-03-11 00:46:33
628,286,85,I want neon glow effects for the gaming edit.,2023-10-18 00:46:50
629,254,884,Please make the reels more dynamic.,2023-07-04 08:39:10
630,726,412,Can you color grade this footage?,2024-04-28 09:15:21
631,626,762,Please make the intro more impactful.,2024-10-20 19:32:20
632,5,844,Please add a smooth color grade.,2025-02-10 21:14:48
633,146,103,Please add a smooth slow-mo at the climax.,2026-02-08 07:39:22
634,658,894,Can you add animated charts and graphs?,2024-08-21 11:43:31
635,55,60,Please add text overlays with key points.,2023-09-11 18:53:02
636,64,716,Please add text overlays with key points.,2023-06-13 11:58:21
637,609,458,Can you add a progress bar animation?,2025-07-09 07:48:38
638,638,619,Can you color grade this footage?,2023-05-05 21:23:53
639,92,827,Can you add a call-to-action at the end?,2023-02-20 17:13:01
640,961,14,I need captions in English and Spanish.,2024-04-07 23:18:41
641,942,960,Please include a highlight reel at the start.,2023-07-01 17:44:29
642,247,110,Please add reaction zoom effects.,2025-12-07 23:48:07
643,509,766,Can you add background music to the edit?,2025-07-05 09:23:09
644,843,478,Please add reaction zoom effects.,2025-10-10 12:57:17
645,569,425,I want more slow motion effects.,2026-04-28 01:38:48
646,768,108,I want the gaming footage to look more cinematic.,2026-03-23 07:59:59
647,398,906,Can you add motion blur effects?,2026-03-27 19:43:03
648,963,364,I need a short teaser version as well.,2026-01-16 11:54:24
649,632,770,Can you color grade this footage?,2026-01-26 13:06:31
650,520,265,Can you add background music to the edit?,2025-06-23 04:21:33
651,664,292,I want the gaming footage to look more cinematic.,2024-12-26 06:19:14
652,842,537,Please use jump cuts for more energy.,2024-07-20 19:27:25
653,944,10,I want the gaming footage to look more cinematic.,2023-07-07 11:49:56
654,79,211,I want a vintage film look for this video.,2024-06-13 15:11:25
655,229,346,Please make the intro more impactful.,2023-09-15 15:49:21
656,724,123,Please make the reels more dynamic.,2025-01-04 09:52:31
657,945,171,Can you add a progress bar animation?,2025-04-01 07:19:52
658,693,889,I want a vintage film look for this video.,2025-03-23 03:25:37
659,763,4,Please include a highlight reel at the start.,2023-08-03 02:10:03
660,799,480,Can you add a blurred background to interviews?,2026-03-27 15:44:06
661,58,733,Can you speed ramp the action scenes?,2024-12-28 06:22:32
662,115,969,Can you add particle effects?,2023-06-14 15:53:57
663,437,29,Can you add a progress bar animation?,2025-12-08 14:44:10
664,525,114,I need the audio levels balanced out.,2025-08-14 14:05:34
665,482,1000,Can you add motion blur effects?,2023-07-21 22:29:32
666,916,208,I need a short teaser version as well.,2025-07-14 18:07:18
667,901,777,I need the logo animated in 3D.,2025-09-11 19:39:40
668,394,258,Please include a highlight reel at the start.,2025-02-01 03:48:36
669,794,124,I want upbeat music for the montage.,2023-11-04 20:41:17
670,497,347,Can you speed ramp the action scenes?,2023-03-04 23:10:41
671,459,900,Can you add particle effects?,2025-05-19 17:34:11
672,885,109,Can you add subtitles to my video?,2023-10-11 03:43:57
673,818,294,Can you add a progress bar animation?,2023-01-24 12:25:12
674,690,741,Please add a smooth slow-mo at the climax.,2025-05-03 05:43:52
675,376,804,I want a dreamy aesthetic for this vlog.,2024-12-24 11:55:16
676,888,994,Can you add animated charts and graphs?,2023-02-19 05:34:42
677,16,174,Can you add a split screen effect?,2024-02-04 09:40:16
678,686,889,Please remove the background noise.,2023-10-29 22:36:36
679,818,787,Please brighten the footage a bit more.,2023-11-28 15:55:33
680,898,405,Can you sync the cuts to the beat?,2023-09-10 09:50:11
681,994,845,I need the video by Friday please.,2024-08-30 06:27:58
682,600,39,Please export in 4K resolution.,2025-07-25 05:30:59
683,685,782,Please export in 4K resolution.,2025-05-07 00:53:22
684,361,868,Can you add lower thirds with my name?,2024-02-08 13:54:12
685,408,683,Please include a highlight reel at the start.,2023-02-01 06:47:13
686,399,821,I want a vintage film look for this video.,2025-11-26 03:45:37
687,700,366,Please add a custom intro animation.,2024-11-10 01:57:20
688,635,707,I need the video by Friday please.,2024-01-18 08:06:28
689,592,871,Can you make the transitions smoother?,2025-12-19 01:21:07
690,767,963,Can you add motion blur effects?,2023-05-20 06:39:54
691,330,57,Can you add chapter markers in the edit?,2023-06-29 15:55:04
692,859,417,I need a square format version too.,2023-08-14 21:08:09
693,398,75,Can you add subtitles to my video?,2025-01-16 12:28:28
694,951,10,I need captions in English and Spanish.,2023-11-04 07:59:31
695,373,48,Can you add a split screen effect?,2025-03-23 06:59:15
696,786,265,I want a cinematic black bar effect.,2024-03-14 12:18:20
697,869,217,Can you color match all the clips?,2026-03-08 09:36:31
698,712,116,Please export with captions burned in.,2025-04-16 09:18:40
699,887,228,Please sync everything to the drum hits.,2023-08-02 01:59:54
700,296,555,Please remove the background noise.,2025-02-21 07:42:37
701,68,226,Please make the reels more dynamic.,2023-01-17 04:59:17
702,309,935,Can you add background music to the edit?,2026-02-21 16:38:19
703,436,616,Please add a custom intro animation.,2023-01-25 08:46:25
704,324,879,Can you speed ramp the action scenes?,2023-03-15 02:43:17
705,151,104,Can you make the transitions smoother?,2023-04-22 01:04:23
706,387,488,I want neon glow effects for the gaming edit.,2024-07-20 22:03:38
707,782,827,Please add a smooth slow-mo at the climax.,2025-05-04 19:19:54
708,398,716,Please remove the background noise.,2024-09-20 08:38:46
709,731,814,Please add a smooth color grade.,2023-12-26 07:35:59
710,684,889,Please export with captions burned in.,2024-05-27 23:05:58
711,239,318,Can you add a progress bar animation?,2023-05-22 06:06:31
712,96,4,Can you add my logo watermark?,2023-01-27 20:38:19
713,840,122,Please add reaction zoom effects.,2024-03-05 07:08:38
714,934,511,Can you add particle effects?,2024-02-08 13:43:11
715,788,160,I need this for a pitch to investors.,2025-02-24 16:48:17
716,840,828,I need the logo animated in 3D.,2024-10-21 17:59:44
717,877,983,I need the video by Friday please.,2024-05-12 12:36:03
718,484,253,Can you add a progress bar animation?,2024-06-07 18:46:50
719,329,763,Please add reaction zoom effects.,2023-06-23 00:36:34
720,141,560,I need the audio levels balanced out.,2023-04-29 22:54:28
721,928,460,I need this for a pitch to investors.,2024-05-27 05:14:21
722,827,101,Please brighten the footage a bit more.,2023-12-31 03:59:23
723,607,382,Please add reaction zoom effects.,2025-05-24 14:13:43
724,510,519,Can you add background music to the edit?,2024-06-14 15:03:10
725,371,266,Can you add motion blur effects?,2024-08-08 00:29:01
726,875,962,I want the gaming footage to look more cinematic.,2023-03-13 04:37:47
727,781,688,Can you add a blurred background to interviews?,2024-12-18 19:22:50
728,165,233,I want neon glow effects for the gaming edit.,2024-08-18 20:24:47
729,20,158,Please remove the background noise.,2024-03-31 01:20:49
730,446,777,Can you add chapter markers in the edit?,2024-07-28 19:34:48
731,791,287,Please use the song I sent you.,2026-04-16 09:38:50
732,474,480,Can you add motion blur effects?,2023-02-27 07:28:20
733,367,67,I want a vintage film look for this video.,2023-06-08 09:21:06
734,28,472,I need captions in English and Spanish.,2023-04-06 07:41:34
735,847,513,Can you add lower thirds with my name?,2023-07-10 15:14:40
736,371,394,I want the video to be under 60 seconds.,2026-03-18 17:12:24
737,668,493,I want upbeat music for the montage.,2025-09-23 10:18:54
738,771,236,Please include a highlight reel at the start.,2025-10-29 17:19:06
739,741,63,I need captions in English and Spanish.,2023-06-02 02:37:04
740,499,326,I need a square format version too.,2023-12-21 22:33:23
741,543,17,I need the audio levels balanced out.,2023-10-16 19:51:35
742,910,453,Please remove the background noise.,2023-04-24 13:45:31
743,861,309,Can you add animated charts and graphs?,2024-05-19 03:26:14
744,723,471,Please add a smooth zoom effect on key moments.,2023-10-09 14:42:01
745,393,52,I want a cinematic black bar effect.,2025-05-24 08:05:12
746,177,341,I want the video to be under 60 seconds.,2026-04-12 09:13:23
747,770,404,I need a short teaser version as well.,2025-03-31 16:08:56
748,413,152,I want a vintage film look for this video.,2023-10-17 04:12:53
749,569,529,I need a square format version too.,2023-03-13 07:34:03
750,460,427,Please use the song I sent you.,2024-01-25 17:43:02
751,140,11,I want a vintage film look for this video.,2025-10-11 06:31:06
752,914,387,I need a short teaser version as well.,2023-11-18 16:50:15
753,148,490,Please add a custom intro animation.,2026-01-02 16:45:19
754,212,966,Please use jump cuts for more energy.,2023-11-20 19:58:00
755,745,562,I need vertical and horizontal versions.,2025-01-09 14:23:25
756,428,709,Please brighten the footage a bit more.,2024-07-10 16:13:23
757,619,129,I need captions in English and Spanish.,2025-04-02 03:03:53
758,442,740,Can you add animated charts and graphs?,2025-01-08 12:07:27
759,622,54,Can you add particle effects?,2025-11-09 23:20:12
760,711,31,I want the video to be under 60 seconds.,2025-03-14 11:37:19
761,941,959,Please make the intro more impactful.,2024-09-03 10:25:50
762,606,696,Can you speed ramp the action scenes?,2023-10-02 07:21:37
763,59,711,Please use jump cuts for more energy.,2026-04-27 06:55:26
764,380,797,Please add a smooth color grade.,2024-02-08 18:37:30
765,7,356,Please make the reels more dynamic.,2025-12-04 00:33:23
766,538,967,Can you add a blurred background to interviews?,2026-04-14 14:21:09
767,149,486,Please add text overlays with key points.,2025-06-16 18:36:31
768,429,761,How long will the delivery take?,2024-05-23 21:18:30
769,611,875,I want a vintage film look for this video.,2024-10-28 20:40:35
770,975,264,I need the audio levels balanced out.,2023-01-15 01:22:35
771,322,197,I need a short teaser version as well.,2025-10-16 18:18:42
772,756,330,Can you add particle effects?,2024-11-30 17:51:35
773,60,755,Please include a highlight reel at the start.,2025-02-16 08:29:43
774,610,903,Can you add lower thirds with my name?,2025-02-15 18:19:17
775,728,348,I want a dreamy aesthetic for this vlog.,2024-01-31 23:34:14
776,163,447,Please add a custom intro animation.,2025-06-30 17:37:55
777,722,884,Please make the reels more dynamic.,2024-01-11 02:04:52
778,852,801,Please make the intro more impactful.,2024-02-08 17:16:22
779,151,866,Can you sync the cuts to the beat?,2025-01-11 02:30:46
780,216,881,I need vertical and horizontal versions.,2026-03-10 18:20:13
781,858,134,Can you add lower thirds with my name?,2026-02-06 05:46:10
782,212,185,Can you color grade this footage?,2026-01-02 07:47:51
783,181,180,Can you add a split screen effect?,2023-08-18 00:56:50
784,494,106,Can you add background music to the edit?,2026-03-29 09:38:18
785,77,856,Can you add lower thirds with my name?,2024-07-30 15:34:26
786,667,909,I need this for a pitch to investors.,2024-10-23 23:41:09
787,622,124,I need this for a pitch to investors.,2023-06-15 22:37:57
788,434,169,Can you color grade this footage?,2026-04-26 03:32:52
789,302,162,Please export with captions burned in.,2025-04-24 03:47:23
790,381,117,Please remove the background noise.,2024-02-21 23:24:07
791,858,566,I need vertical and horizontal versions.,2025-06-15 20:45:36
792,567,239,I want more slow motion effects.,2024-08-05 13:26:28
793,180,963,Can you add background music to the edit?,2024-10-22 06:51:22
794,979,593,Can you add subtitles to my video?,2023-11-19 09:50:07
795,599,878,Can you sync the cuts to the beat?,2023-10-19 02:35:35
796,31,921,Can you sync the cuts to the beat?,2026-03-06 13:36:22
797,424,985,Please sync everything to the drum hits.,2025-05-04 02:18:50
798,15,98,Can you add a call-to-action at the end?,2023-10-14 18:21:38
799,695,408,Can you add a call-to-action at the end?,2025-02-08 23:55:32
800,849,80,Can you color grade this footage?,2024-10-18 08:35:33
801,560,26,Please add a custom intro animation.,2024-12-01 06:43:34
802,476,905,Please add reaction zoom effects.,2023-01-31 08:33:19
803,944,222,How long will the delivery take?,2024-09-13 19:23:47
804,947,199,I want a vintage film look for this video.,2026-04-24 17:47:27
805,41,910,Please use jump cuts for more energy.,2025-11-30 20:00:17
806,12,964,I want more slow motion effects.,2024-03-28 16:55:13
807,598,204,I need captions in English and Spanish.,2023-10-15 07:57:58
808,424,856,Can you add lower thirds with my name?,2023-10-13 10:51:36
809,260,939,Can you add a call-to-action at the end?,2024-08-08 13:42:11
810,592,230,I need the video by Friday please.,2024-11-15 17:37:29
811,164,577,Can you add a call-to-action at the end?,2024-11-20 10:39:13
812,444,248,Can you add a progress bar animation?,2023-01-09 14:41:36
813,553,228,Please sync everything to the drum hits.,2023-02-20 20:06:34
814,760,408,Please add reaction zoom effects.,2024-05-20 08:28:19
815,267,63,I want a cinematic black bar effect.,2024-06-27 17:16:02
816,631,747,Please export with captions burned in.,2025-05-04 19:02:26
817,333,112,Can you color match all the clips?,2025-07-27 00:42:07
818,225,756,Can you add a blurred background to interviews?,2023-12-16 15:37:28
819,131,474,Can you color match all the clips?,2023-09-03 18:48:14
820,777,506,Can you sync the cuts to the beat?,2025-04-20 14:53:23
821,882,90,I want a cinematic black bar effect.,2025-06-08 19:46:27
822,121,842,Please export in 4K resolution.,2023-12-12 12:32:23
823,357,668,Can you color grade this footage?,2024-04-08 23:35:12
824,999,791,Please sync everything to the drum hits.,2024-10-29 03:09:04
825,61,129,Please use the song I sent you.,2026-01-21 12:36:07
826,430,464,I need vertical and horizontal versions.,2025-09-30 16:12:48
827,340,844,I want a cinematic black bar effect.,2024-12-06 00:04:40
828,884,171,Can you add a progress bar animation?,2025-09-28 13:29:41
829,312,365,I need captions in English and Spanish.,2025-07-02 22:24:30
830,501,272,Please export with captions burned in.,2026-03-09 17:42:28
831,642,601,Can you make the transitions smoother?,2023-02-06 16:13:33
832,464,741,Can you add subtitles to my video?,2025-02-24 20:34:33
833,880,560,Please use the song I sent you.,2024-04-13 11:14:24
834,836,3,Can you add particle effects?,2026-03-08 14:18:34
835,508,373,Please add reaction zoom effects.,2024-10-03 13:40:33
836,867,892,Please make the reels more dynamic.,2023-09-21 20:52:02
837,46,559,Can you add subtitles to my video?,2025-10-30 12:59:55
838,733,945,Can you add background music to the edit?,2025-05-28 02:23:41
839,983,863,I want a cinematic black bar effect.,2025-07-13 16:01:22
840,48,170,Can you sync the cuts to the beat?,2026-04-14 01:05:38
841,80,926,Can you make the transitions smoother?,2026-04-21 18:50:47
842,846,968,I need a square format version too.,2024-01-06 08:36:47
843,635,34,Can you add a call-to-action at the end?,2024-02-07 18:00:42
844,556,587,I want more slow motion effects.,2025-06-27 18:14:15
845,231,178,I want a cinematic black bar effect.,2024-06-25 16:52:08
846,981,198,Please add a smooth color grade.,2023-11-17 19:02:51
847,178,7,I want a cinematic black bar effect.,2024-01-16 10:16:34
848,367,69,I want more slow motion effects.,2023-08-28 12:12:09
849,830,384,Can you add a split screen effect?,2024-05-30 02:55:08
850,353,874,Can you color grade this footage?,2023-06-26 16:24:38
851,634,906,I want neon glow effects for the gaming edit.,2023-12-18 18:54:58
852,346,291,Please use jump cuts for more energy.,2026-01-20 13:45:20
853,700,920,I want more slow motion effects.,2023-12-18 11:14:41
854,876,415,I need the logo animated in 3D.,2025-02-22 17:25:46
855,833,568,Can you add a progress bar animation?,2024-03-18 19:29:41
856,712,803,I need captions in English and Spanish.,2025-08-27 08:15:53
857,199,774,I need the audio levels balanced out.,2024-01-17 20:45:10
858,198,897,I want a cinematic black bar effect.,2024-04-02 21:22:05
859,871,253,I need vertical and horizontal versions.,2023-09-11 20:57:40
860,607,437,Please brighten the footage a bit more.,2023-01-12 14:01:06
861,832,551,Please make the reels more dynamic.,2024-06-23 02:22:21
862,578,765,Can you add chapter markers in the edit?,2025-04-16 15:43:56
863,661,237,I need the video by Friday please.,2023-07-16 13:45:35
864,852,990,Can you add a call-to-action at the end?,2026-03-15 13:08:45
865,277,93,I want a cinematic black bar effect.,2025-06-20 00:02:45
866,59,455,I need the audio levels balanced out.,2024-06-02 03:48:25
867,770,613,I need vertical and horizontal versions.,2024-05-01 15:36:28
868,930,896,Please export with captions burned in.,2025-07-23 04:15:12
869,630,138,Can you color grade this footage?,2023-07-03 11:47:40
870,147,249,I need this for a pitch to investors.,2024-09-16 00:34:34
871,203,78,Please include a highlight reel at the start.,2024-12-15 14:03:16
872,317,603,Can you make the transitions smoother?,2024-03-07 23:11:32
873,164,68,Can you add subtitles to my video?,2024-08-19 17:58:37
874,187,610,I need the audio levels balanced out.,2024-02-21 23:17:02
875,657,96,Please sync everything to the drum hits.,2023-11-12 21:57:40
876,924,459,Please use jump cuts for more energy.,2025-08-24 18:50:27
877,816,101,I need the logo animated in 3D.,2023-07-26 01:41:13
878,186,406,I want a vintage film look for this video.,2023-04-29 09:59:22
879,720,235,Can you add background music to the edit?,2025-01-18 12:00:17
880,382,238,I want neon glow effects for the gaming edit.,2024-09-14 22:14:46
881,132,967,Please use the song I sent you.,2024-03-02 02:03:02
882,485,327,Can you add motion blur effects?,2025-11-03 16:38:06
883,874,521,I want the gaming footage to look more cinematic.,2024-09-11 14:26:39
884,258,393,Can you add background music to the edit?,2023-08-09 17:11:08
885,719,27,Please export with captions burned in.,2024-10-23 16:07:13
886,124,460,I need the audio levels balanced out.,2023-12-22 09:39:22
887,28,5,Please sync everything to the drum hits.,2025-07-10 16:03:12
888,163,676,Can you add chapter markers in the edit?,2025-04-08 09:23:56
889,925,276,Can you add my logo watermark?,2023-08-02 19:42:31
890,277,63,Please add text overlays with key points.,2023-09-16 12:57:25
891,723,109,Please add a custom intro animation.,2024-07-03 23:50:44
892,708,236,Please use jump cuts for more energy.,2024-07-05 05:24:20
893,11,326,Can you add background music to the edit?,2024-02-26 04:05:58
894,215,738,I need the audio levels balanced out.,2023-08-06 03:41:47
895,103,596,I want the gaming footage to look more cinematic.,2023-06-13 13:11:56
896,307,244,Please add a smooth zoom effect on key moments.,2023-03-19 00:37:24
897,530,872,I want a vintage film look for this video.,2025-01-23 22:22:40
898,940,606,Can you add lower thirds with my name?,2025-09-17 23:35:55
899,144,268,Can you add lower thirds with my name?,2025-07-29 21:21:26
900,998,130,Can you make the transitions smoother?,2025-12-11 23:26:34
901,760,258,Please brighten the footage a bit more.,2023-08-27 12:23:09
902,995,96,Can you add animated charts and graphs?,2025-04-27 08:37:27
903,242,726,I want the video to be under 60 seconds.,2025-09-03 08:04:16
904,818,692,Can you add my logo watermark?,2025-12-24 09:15:03
905,955,553,I need the video by Friday please.,2025-07-06 22:55:14
906,185,754,Can you add subtitles to my video?,2024-04-15 06:25:54
907,791,556,Please include a highlight reel at the start.,2025-02-04 14:52:56
908,43,442,I need this for a pitch to investors.,2025-09-12 06:59:55
909,392,850,Please sync everything to the drum hits.,2023-11-05 08:12:01
910,985,214,Please add a smooth color grade.,2026-03-23 03:38:55
911,175,604,I need the logo animated in 3D.,2025-05-17 10:49:56
912,441,363,Can you add background music to the edit?,2024-07-10 10:01:50
913,894,633,Can you color grade this footage?,2023-09-16 02:17:14
914,349,479,Please add a smooth slow-mo at the climax.,2025-04-23 16:50:33
915,682,297,Please use the song I sent you.,2024-03-03 10:23:55
916,59,905,Please make the intro more impactful.,2024-06-02 11:24:15
917,652,516,I want a dreamy aesthetic for this vlog.,2026-02-16 11:46:01
918,540,544,Please add text overlays with key points.,2026-02-22 01:06:21
919,555,176,I need the audio levels balanced out.,2024-05-13 10:17:19
920,717,448,Please add a smooth slow-mo at the climax.,2025-01-12 14:38:32
921,139,415,Can you sync the cuts to the beat?,2023-01-29 06:41:44
922,758,521,Can you add a call-to-action at the end?,2024-09-10 10:44:03
923,494,129,Please add a smooth zoom effect on key moments.,2025-06-27 07:46:44
924,798,173,Can you make the transitions smoother?,2024-04-19 08:34:35
925,947,222,I need the audio levels balanced out.,2025-09-17 21:14:19
926,896,327,Can you add chapter markers in the edit?,2024-08-03 03:06:12
927,83,805,I need the logo animated in 3D.,2024-08-31 22:59:39
928,173,569,I want a cinematic black bar effect.,2023-09-26 11:29:53
929,188,891,I want a dreamy aesthetic for this vlog.,2023-01-14 17:28:58
930,774,109,I want upbeat music for the montage.,2023-10-13 03:49:19
931,362,747,Please add a smooth zoom effect on key moments.,2025-09-14 17:59:13
932,416,173,Please add reaction zoom effects.,2024-04-11 04:10:39
933,458,177,Can you add a progress bar animation?,2024-10-01 02:14:34
934,194,604,Please add reaction zoom effects.,2024-01-27 17:27:09
935,902,185,Can you add a split screen effect?,2023-01-21 01:57:06
936,93,872,I want a cinematic black bar effect.,2023-09-10 19:22:49
937,252,945,Can you add a call-to-action at the end?,2023-05-16 18:39:38
938,295,584,Please sync everything to the drum hits.,2023-09-30 04:35:19
939,609,12,Can you add subtitles to my video?,2025-07-29 22:05:58
940,720,671,Can you add particle effects?,2024-09-05 01:00:21
941,175,852,Can you color match all the clips?,2024-11-20 02:33:16
942,41,138,Can you add particle effects?,2024-09-11 09:13:42
943,1,269,Please use jump cuts for more energy.,2023-03-24 01:38:41
944,986,595,Can you make the transitions smoother?,2024-10-30 19:03:59
945,199,190,Please add a custom intro animation.,2025-01-11 15:49:44
946,857,292,Can you add a split screen effect?,2023-03-03 10:37:53
947,20,735,Can you speed ramp the action scenes?,2025-08-12 23:05:12
948,77,52,Can you add chapter markers in the edit?,2026-03-27 08:28:49
949,87,589,Can you speed ramp the action scenes?,2024-01-17 21:00:59
950,380,782,Please add text overlays with key points.,2025-04-17 05:48:23
951,635,182,Please brighten the footage a bit more.,2023-09-07 09:14:28
952,306,857,Can you add lower thirds with my name?,2023-05-26 19:22:53
953,89,973,I need the logo animated in 3D.,2023-12-12 11:56:50
954,392,873,Can you add subtitles to my video?,2025-12-15 17:03:33
955,48,430,Please make the reels more dynamic.,2025-04-01 21:56:56
956,148,473,I need this for a pitch to investors.,2025-10-21 04:07:41
957,39,329,I need vertical and horizontal versions.,2024-03-12 19:56:23
958,410,114,I need a short teaser version as well.,2026-03-08 20:58:07
959,429,851,Can you color grade this footage?,2025-01-06 16:03:40
960,1000,447,Please brighten the footage a bit more.,2024-08-30 14:38:25
961,289,224,Please add a smooth slow-mo at the climax.,2025-03-28 00:19:15
962,731,962,I want a dreamy aesthetic for this vlog.,2023-01-17 08:52:59
963,16,587,Can you add my logo watermark?,2023-12-21 22:29:29
964,475,178,Please add text overlays with key points.,2024-02-26 21:39:51
965,434,93,I want a vintage film look for this video.,2024-10-23 11:55:03
966,675,151,Can you speed ramp the action scenes?,2025-11-12 06:19:10
967,114,211,Please add text overlays with key points.,2024-09-29 19:34:32
968,118,13,Can you add a split screen effect?,2025-08-17 03:33:39
969,266,290,Please add a smooth slow-mo at the climax.,2023-05-26 01:00:48
970,989,446,I need a square format version too.,2023-08-02 11:48:59
971,962,205,Please add a smooth slow-mo at the climax.,2023-06-04 08:16:24
972,399,358,Can you add a call-to-action at the end?,2024-03-23 06:26:09
973,120,938,Can you add chapter markers in the edit?,2023-11-02 18:48:02
974,471,183,Can you add lower thirds with my name?,2024-12-31 05:57:43
975,675,917,Please export in 4K resolution.,2025-03-24 08:14:02
976,371,489,Can you add particle effects?,2026-03-14 14:31:32
977,33,433,Can you color match all the clips?,2023-11-21 02:46:04
978,810,258,Can you add a blurred background to interviews?,2024-03-30 10:23:09
979,185,639,I want more slow motion effects.,2024-03-07 07:49:56
980,902,439,Please add a custom intro animation.,2025-01-05 16:56:25
981,336,879,Please use jump cuts for more energy.,2023-06-05 19:30:19
982,524,564,I want a vintage film look for this video.,2023-02-01 01:11:02
983,89,856,I need this for a pitch to investors.,2025-08-21 00:55:53
984,631,579,Please add text overlays with key points.,2023-09-26 04:51:44
985,307,715,Can you sync the cuts to the beat?,2023-03-06 07:09:58
986,904,173,Please remove the background noise.,2025-05-20 19:48:23
987,225,456,I need a square format version too.,2024-02-19 11:53:34
988,791,274,Please add a custom intro animation.,2026-04-09 06:49:48
989,509,173,Can you speed ramp the action scenes?,2024-02-22 16:40:40
990,354,439,I need the audio levels balanced out.,2024-06-05 02:41:40
991,816,202,Can you add animated charts and graphs?,2024-08-27 04:34:33
992,587,262,I want a vintage film look for this video.,2025-06-05 05:18:13
993,780,12,I want a cinematic black bar effect.,2024-07-11 22:04:55
994,896,301,I need the audio levels balanced out.,2025-04-13 01:59:49
995,379,764,Can you speed ramp the action scenes?,2024-08-11 07:30:53
996,863,780,Please brighten the footage a bit more.,2024-10-11 16:58:31
997,573,582,I want more slow motion effects.,2024-03-12 15:44:27
998,705,479,Can you sync the cuts to the beat?,2023-11-04 16:45:19
999,529,445,I want neon glow effects for the gaming edit.,2026-01-02 05:14:04
1000,273,65,Can you add a split screen effect?,2023-01-20 02:40:15
